{"id":"8cdd2c08-295d-49da-abab-e38bf69944a1","title":"arch linux installation process","mindmap":{"root":{"id":"c5ae3c22-f796-42ad-a578-a38b65764213","parentId":null,"text":{"caption":"arch linux installation process","font":{"style":"normal","weight":"bold","decoration":"none","size":20,"color":"#000000"}},"offset":{"x":0,"y":0},"foldChildren":false,"branchColor":"#000000","children":[{"id":"8c199362-d146-4870-b5a0-5f5a14c3edab","parentId":"c5ae3c22-f796-42ad-a578-a38b65764213","text":{"caption":"qemu","font":{"style":"normal","weight":"normal","decoration":"none","size":15,"color":"#000000"}},"offset":{"x":-238,"y":-110},"foldChildren":false,"branchColor":"#c8aeb4","children":[{"id":"db60aa0d-e3e6-4e94-b819-66f0578f7b09","parentId":"8c199362-d146-4870-b5a0-5f5a14c3edab","text":{"caption":"qemu-img arguments","font":{"style":"normal","weight":"normal","decoration":"none","size":15,"color":"#000000"}},"offset":{"x":-232,"y":-110},"foldChildren":false,"branchColor":"#c8aeb4","children":[{"id":"a2ee832b-0325-4d53-acaf-93386f228521","parentId":"db60aa0d-e3e6-4e94-b819-66f0578f7b09","text":{"caption":"file_size","font":{"style":"normal","weight":"normal","decoration":"none","size":15,"color":"#000000"}},"offset":{"x":-162,"y":-8},"foldChildren":false,"branchColor":"#c8aeb4","children":[{"id":"f10e6ccc-1e80-4d8e-bb27-c023e88e406b","parentId":"a2ee832b-0325-4d53-acaf-93386f228521","text":{"caption":"for testing arch linux","font":{"style":"normal","weight":"normal","decoration":"none","size":15,"color":"#000000"}},"offset":{"x":-130,"y":57},"foldChildren":false,"branchColor":"#c8aeb4","children":[{"id":"1eaf6a40-6c7d-4502-aa63-0730c4e44db5","parentId":"f10e6ccc-1e80-4d8e-bb27-c023e88e406b","text":{"caption":"8G","font":{"style":"normal","weight":"normal","decoration":"none","size":15,"color":"#000000"}},"offset":{"x":-93,"y":28},"foldChildren":false,"branchColor":"#c8aeb4","children":[]}]}]},{"id":"3076be35-4c5d-46f3-a5d2-5c43dd934c84","parentId":"db60aa0d-e3e6-4e94-b819-66f0578f7b09","text":{"caption":"name","font":{"style":"normal","weight":"normal","decoration":"none","size":15,"color":"#000000"}},"offset":{"x":-147,"y":66},"foldChildren":false,"branchColor":"#c8aeb4","children":[{"id":"1283a2d3-b415-4fe4-a45d-9e55021a7191","parentId":"3076be35-4c5d-46f3-a5d2-5c43dd934c84","text":{"caption":"for arch linux:","font":{"style":"normal","weight":"normal","decoration":"none","size":15,"color":"#000000"}},"offset":{"x":-119,"y":69},"foldChildren":false,"branchColor":"#c8aeb4","children":[{"id":"e066b426-7620-4947-9238-088ab7a45aaf","parentId":"1283a2d3-b415-4fe4-a45d-9e55021a7191","text":{"caption":"1_arc.raw","font":{"style":"normal","weight":"normal","decoration":"none","size":15,"color":"#000000"}},"offset":{"x":-79,"y":62},"foldChildren":false,"branchColor":"#c8aeb4","children":[]}]}]},{"id":"baf043e0-d9f4-4d34-985b-fc35c102069f","parentId":"db60aa0d-e3e6-4e94-b819-66f0578f7b09","text":{"caption":"file_type","font":{"style":"normal","weight":"normal","decoration":"none","size":15,"color":"#000000"}},"offset":{"x":-161,"y":-72},"foldChildren":false,"branchColor":"#c8aeb4","children":[{"id":"ec4b5faf-5e18-4320-b0ce-05118041f3ed","parentId":"baf043e0-d9f4-4d34-985b-fc35c102069f","text":{"caption":"vdi","font":{"style":"normal","weight":"normal","decoration":"none","size":15,"color":"#000000"}},"offset":{"x":-165,"y":2},"foldChildren":false,"branchColor":"#c8aeb4","children":[{"id":"e4c8144b-6d71-46a5-a9f9-42aabc49810a","parentId":"ec4b5faf-5e18-4320-b0ce-05118041f3ed","text":{"caption":"compatible with virtualbox","font":{"style":"normal","weight":"normal","decoration":"none","size":15,"color":"#000000"}},"offset":{"x":-166,"y":44},"foldChildren":false,"branchColor":"#c8aeb4","children":[]}]},{"id":"34c7a82b-ced2-424b-9835-7a43e40c59fe","parentId":"baf043e0-d9f4-4d34-985b-fc35c102069f","text":{"caption":"raw","font":{"style":"normal","weight":"normal","decoration":"none","size":15,"color":"#000000"}},"offset":{"x":-196,"y":-77},"foldChildren":false,"branchColor":"#c8aeb4","children":[{"id":"9946da60-d139-49f2-92ee-125e6eeec85f","parentId":"34c7a82b-ced2-424b-9835-7a43e40c59fe","text":{"caption":"portable","font":{"style":"normal","weight":"normal","decoration":"none","size":15,"color":"#000000"}},"offset":{"x":-102,"y":63},"foldChildren":false,"branchColor":"#c8aeb4","children":[]},{"id":"2a6c55d8-9795-4499-8857-dda8fbd83b09","parentId":"34c7a82b-ced2-424b-9835-7a43e40c59fe","text":{"caption":"support sparse files rather than \nfixed size file","font":{"style":"normal","weight":"normal","decoration":"none","size":15,"color":"#000000"}},"offset":{"x":-161,"y":-43},"foldChildren":false,"branchColor":"#c8aeb4","children":[]}]}]}]},{"id":"94780fb1-1729-4673-800b-eebbde6a08ab","parentId":"8c199362-d146-4870-b5a0-5f5a14c3edab","text":{"caption":"our command","font":{"style":"normal","weight":"normal","decoration":"none","size":15,"color":"#000000"}},"offset":{"x":-267,"y":119},"foldChildren":false,"branchColor":"#c8aeb4","children":[{"id":"da83ec39-e303-45ce-837a-5468d709a4c8","parentId":"94780fb1-1729-4673-800b-eebbde6a08ab","text":{"caption":"qemu-img create -f raw 1_arch.raw 8G","font":{"style":"normal","weight":"normal","decoration":"none","size":15,"color":"#000000"}},"offset":{"x":-242,"y":36},"foldChildren":false,"branchColor":"#c8aeb4","children":[]}]}]},{"id":"a71541b7-946f-4d11-9b7d-2d360d048a77","parentId":"c5ae3c22-f796-42ad-a578-a38b65764213","text":{"caption":"New Idea","font":{"style":"normal","weight":"normal","decoration":"none","size":15,"color":"#000000"}},"offset":{"x":174,"y":-121},"foldChildren":false,"branchColor":"#2591f8","children":[]},{"id":"7106d545-2a2c-4457-8bd0-2539dd2c5849","parentId":"c5ae3c22-f796-42ad-a578-a38b65764213","text":{"caption":"New Idea","font":{"style":"normal","weight":"normal","decoration":"none","size":15,"color":"#000000"}},"offset":{"x":-245,"y":163},"foldChildren":false,"branchColor":"#219619","children":[]},{"id":"6d3feab7-27e0-4d00-bb6b-2c7f74061e6d","parentId":"c5ae3c22-f796-42ad-a578-a38b65764213","text":{"caption":"New Idea","font":{"style":"normal","weight":"normal","decoration":"none","size":15,"color":"#000000"}},"offset":{"x":207,"y":153},"foldChildren":false,"branchColor":"#6355ec","children":[]}]}},"dates":{"created":1400159833387,"modified":1400161394356},"dimensions":{"x":4000,"y":2000},"autosave":true}