{"id":"2221805e-3645-47fe-be97-07244fde54ee","title":"Assembly 1-2","mindmap":{"root":{"id":"059bbda7-f9ef-425d-907e-93cd1d788f88","parentId":null,"text":{"caption":"Assembly 1-2","font":{"style":"normal","weight":"bold","decoration":"none","size":20,"color":"#000000"}},"offset":{"x":0,"y":0},"foldChildren":false,"branchColor":"#000000","children":[{"id":"2f50507b-5b7e-4df2-ab48-fd7ab77dafd5","parentId":"059bbda7-f9ef-425d-907e-93cd1d788f88","text":{"caption":"from linux kernel 2.6","font":{"style":"normal","weight":"normal","decoration":"none","size":15,"color":"#000000"}},"offset":{"x":-173,"y":-96},"foldChildren":false,"branchColor":"#c2e0ba","children":[{"id":"40e9fff6-82df-4aac-be05-2c7118e83f94","parentId":"2f50507b-5b7e-4df2-ab48-fd7ab77dafd5","text":{"caption":"the program's stack will be layed out at a randomize    address in memory","font":{"style":"normal","weight":"normal","decoration":"none","size":15,"color":"#000000"}},"offset":{"x":-116,"y":-92},"foldChildren":false,"branchColor":"#c2e0ba","children":[]}]}]}},"dates":{"created":1399736581834,"modified":1399738437821},"dimensions":{"x":4000,"y":2000},"autosave":true}