{"id":"f23da833-fa70-4df1-989c-9c749ad65556","title":"assembly x86 linux 01","mindmap":{"root":{"id":"804717f9-ef42-4faf-b2fb-f6ed837890b2","parentId":null,"text":{"caption":"assembly x86 linux 01","font":{"style":"normal","weight":"bold","decoration":"none","size":20,"color":"#000000"}},"offset":{"x":0,"y":0},"foldChildren":false,"branchColor":"#000000","children":[{"id":"b4ca11a5-12ee-468f-baa6-21c9e55adffb","parentId":"804717f9-ef42-4faf-b2fb-f6ed837890b2","text":{"caption":"system bus\nconnects between:","font":{"style":"normal","weight":"normal","decoration":"none","size":15,"color":"#000000"}},"offset":{"x":-290.3333333333333,"y":-457.6666666666667},"foldChildren":false,"branchColor":"#b2e2cf","children":[{"id":"90fe0b2c-a098-4c3c-950d-fbab33812cef","parentId":"b4ca11a5-12ee-468f-baa6-21c9e55adffb","text":{"caption":"cpu","font":{"style":"normal","weight":"normal","decoration":"none","size":15,"color":"#000000"}},"offset":{"x":-89,"y":-50},"foldChildren":false,"branchColor":"#b2e2cf","children":[]},{"id":"76801789-a168-4324-afc6-c55a736cab48","parentId":"b4ca11a5-12ee-468f-baa6-21c9e55adffb","text":{"caption":"memory","font":{"style":"normal","weight":"normal","decoration":"none","size":15,"color":"#000000"}},"offset":{"x":-97,"y":-134},"foldChildren":false,"branchColor":"#b2e2cf","children":[]},{"id":"0f9d754a-4207-497e-842d-07f5b361a33c","parentId":"b4ca11a5-12ee-468f-baa6-21c9e55adffb","text":{"caption":"i/o device","font":{"style":"normal","weight":"normal","decoration":"none","size":15,"color":"#000000"}},"offset":{"x":-80,"y":23},"foldChildren":false,"branchColor":"#b2e2cf","children":[]}]},{"id":"daa862e6-56b7-4a15-a5cf-055154b58ea7","parentId":"804717f9-ef42-4faf-b2fb-f6ed837890b2","text":{"caption":"cpu","font":{"style":"normal","weight":"normal","decoration":"none","size":15,"color":"#000000"}},"offset":{"x":75,"y":-62},"foldChildren":false,"branchColor":"#3a0d89","children":[{"id":"f272c480-44ad-44e7-8e82-9301fa3fd16a","parentId":"daa862e6-56b7-4a15-a5cf-055154b58ea7","text":{"caption":"flags","font":{"style":"normal","weight":"normal","decoration":"none","size":15,"color":"#000000"}},"offset":{"x":157,"y":-88},"foldChildren":false,"branchColor":"#3a0d89","children":[{"id":"ef8bb0c4-7302-46fb-85d5-e2275e597d42","parentId":"f272c480-44ad-44e7-8e82-9301fa3fd16a","text":{"caption":"indicator for events","font":{"style":"normal","weight":"normal","decoration":"none","size":15,"color":"#000000"}},"offset":{"x":105,"y":46},"foldChildren":false,"branchColor":"#3a0d89","children":[{"id":"8edee55f-324f-4a31-a0a3-2a6df29fa625","parentId":"ef8bb0c4-7302-46fb-85d5-e2275e597d42","text":{"caption":"store the result of a boolean-type-commands","font":{"style":"normal","weight":"normal","decoration":"none","size":15,"color":"#000000"}},"offset":{"x":262,"y":-67},"foldChildren":false,"branchColor":"#3a0d89","children":[]},{"id":"76a2285c-f733-40df-9111-c742d7675a87","parentId":"ef8bb0c4-7302-46fb-85d5-e2275e597d42","text":{"caption":"the zero-flag: store the result of a  commad  - 0 -for success\n1 - for faild","font":{"style":"normal","weight":"normal","decoration":"none","size":15,"color":"#000000"}},"offset":{"x":330,"y":-153},"foldChildren":false,"branchColor":"#3a0d89","children":[]}]}]},{"id":"7cf6cca2-0ee4-4582-9904-396f11707ab1","parentId":"daa862e6-56b7-4a15-a5cf-055154b58ea7","text":{"caption":"registers","font":{"style":"normal","weight":"normal","decoration":"none","size":15,"color":"#000000"}},"offset":{"x":144,"y":10},"foldChildren":false,"branchColor":"#3a0d89","children":[{"id":"0539c23d-0725-4b8c-85ec-c415de9c1088","parentId":"7cf6cca2-0ee4-4582-9904-396f11707ab1","text":{"caption":"internal memory locations","font":{"style":"normal","weight":"normal","decoration":"none","size":15,"color":"#000000"}},"offset":{"x":115,"y":56},"foldChildren":false,"branchColor":"#3a0d89","children":[{"id":"ccfe2b3b-a80e-499e-a1f2-a0286f256ecf","parentId":"0539c23d-0725-4b8c-85ec-c415de9c1088","text":{"caption":"-  use as variables","font":{"style":"normal","weight":"normal","decoration":"none","size":15,"color":"#000000"}},"offset":{"x":189,"y":82},"foldChildren":false,"branchColor":"#3a0d89","children":[]},{"id":"80004d35-d588-40c2-8fa0-256ef12c8f3d","parentId":"0539c23d-0725-4b8c-85ec-c415de9c1088","text":{"caption":"reflect the status of the cpu status","font":{"style":"normal","weight":"normal","decoration":"none","size":15,"color":"#000000"}},"offset":{"x":190,"y":-6},"foldChildren":false,"branchColor":"#3a0d89","children":[]},{"id":"d6f3c047-3236-40ea-89c3-7677315fa27c","parentId":"0539c23d-0725-4b8c-85ec-c415de9c1088","text":{"caption":"needed by the cpu to make calculations","font":{"style":"normal","weight":"normal","decoration":"none","size":15,"color":"#000000"}},"offset":{"x":247,"y":-51},"foldChildren":false,"branchColor":"#3a0d89","children":[]}]}]},{"id":"62db391e-aab8-4e0d-a546-3cd8fc738b88","parentId":"daa862e6-56b7-4a15-a5cf-055154b58ea7","text":{"caption":"Execution Unit","font":{"style":"normal","weight":"normal","decoration":"none","size":15,"color":"#000000"}},"offset":{"x":262,"y":165},"foldChildren":false,"branchColor":"#3a0d89","children":[{"id":"bfc611a9-5a96-4bc6-b6c1-ebccba991acf","parentId":"62db391e-aab8-4e0d-a546-3cd8fc738b88","text":{"caption":"actual processing of a command","font":{"style":"normal","weight":"normal","decoration":"none","size":15,"color":"#000000"}},"offset":{"x":139,"y":74},"foldChildren":false,"branchColor":"#3a0d89","children":[]}]},{"id":"ca2817aa-b64a-4d9d-9f95-c628e3c38a9f","parentId":"daa862e6-56b7-4a15-a5cf-055154b58ea7","text":{"caption":"control unit","font":{"style":"normal","weight":"normal","decoration":"none","size":15,"color":"#000000"}},"offset":{"x":166,"y":-147},"foldChildren":false,"branchColor":"#3a0d89","children":[{"id":"a69cd741-adc7-4ee8-a348-f80577188e72","parentId":"ca2817aa-b64a-4d9d-9f95-c628e3c38a9f","text":{"caption":"store to memory","font":{"style":"normal","weight":"normal","decoration":"none","size":15,"color":"#000000"}},"offset":{"x":111,"y":-34},"foldChildren":false,"branchColor":"#3a0d89","children":[]},{"id":"15c17123-f011-4d6a-91f1-217b70488f74","parentId":"ca2817aa-b64a-4d9d-9f95-c628e3c38a9f","text":{"caption":"decoding of instructions","font":{"style":"normal","weight":"normal","decoration":"none","size":15,"color":"#000000"}},"offset":{"x":137,"y":39},"foldChildren":false,"branchColor":"#3a0d89","children":[]}]}]},{"id":"0fca6ae7-1b69-4a39-b4a9-796771129f2e","parentId":"804717f9-ef42-4faf-b2fb-f6ed837890b2","text":{"caption":"register types","font":{"style":"normal","weight":"normal","decoration":"none","size":15,"color":"#000000"}},"offset":{"x":-159,"y":100},"foldChildren":false,"branchColor":"#1e22e1","children":[{"id":"5ad1bcb4-2c1d-4f66-ad60-eade1e9d6260","parentId":"0fca6ae7-1b69-4a39-b4a9-796771129f2e","text":{"caption":"general purpose","font":{"style":"normal","weight":"normal","decoration":"none","size":15,"color":"#000000"}},"offset":{"x":-309,"y":-164},"foldChildren":false,"branchColor":"#1e22e1","children":[{"id":"4e1d1d40-4a62-4f8c-beee-39fcbba90bcc","parentId":"5ad1bcb4-2c1d-4f66-ad60-eade1e9d6260","text":{"caption":"EAX\nAcumulator","font":{"style":"normal","weight":"normal","decoration":"none","size":15,"color":"#000000"}},"offset":{"x":-119.66666666666667,"y":-312.6666666666667},"foldChildren":false,"branchColor":"#1e22e1","children":[{"id":"fce031c2-1ab4-4f00-bea9-bd2bf29aa78f","parentId":"4e1d1d40-4a62-4f8c-beee-39fcbba90bcc","text":{"caption":"store Operands | result data","font":{"style":"normal","weight":"normal","decoration":"none","size":15,"color":"#000000"}},"offset":{"x":-282.6666666666667,"y":-30.666666666666668},"foldChildren":false,"branchColor":"#1e22e1","children":[]}]},{"id":"999b022c-cb21-4529-9081-427c09189ba6","parentId":"5ad1bcb4-2c1d-4f66-ad60-eade1e9d6260","text":{"caption":"ECX\nCounter","font":{"style":"normal","weight":"normal","decoration":"none","size":15,"color":"#000000"}},"offset":{"x":-132,"y":-108},"foldChildren":false,"branchColor":"#1e22e1","children":[{"id":"4e6b18cf-8ca4-4d8a-bd1d-f2b4bc1a0fbb","parentId":"999b022c-cb21-4529-9081-427c09189ba6","text":{"caption":"use during loop operation","font":{"style":"normal","weight":"normal","decoration":"none","size":15,"color":"#000000"}},"offset":{"x":-244,"y":-92},"foldChildren":false,"branchColor":"#1e22e1","children":[]}]}]},{"id":"a85ddc31-04f1-40a5-be64-fcd3e521c356","parentId":"0fca6ae7-1b69-4a39-b4a9-796771129f2e","text":{"caption":"segment","font":{"style":"normal","weight":"normal","decoration":"none","size":15,"color":"#000000"}},"offset":{"x":-297,"y":-102},"foldChildren":false,"branchColor":"#1e22e1","children":[{"id":"f6659801-95cd-4040-85a9-cef51d46da6e","parentId":"a85ddc31-04f1-40a5-be64-fcd3e521c356","text":{"caption":"CS","font":{"style":"normal","weight":"normal","decoration":"none","size":15,"color":"#000000"}},"offset":{"x":-149,"y":-44},"foldChildren":false,"branchColor":"#1e22e1","children":[{"id":"15236602-cf8e-4aae-b0a3-1efe4871e1fb","parentId":"f6659801-95cd-4040-85a9-cef51d46da6e","text":{"caption":"Code Segment","font":{"style":"normal","weight":"normal","decoration":"none","size":15,"color":"#000000"}},"offset":{"x":-143,"y":-34},"foldChildren":false,"branchColor":"#1e22e1","children":[]}]},{"id":"6afd8923-cadc-4672-8e2e-6b74d802b59a","parentId":"a85ddc31-04f1-40a5-be64-fcd3e521c356","text":{"caption":"DS","font":{"style":"normal","weight":"normal","decoration":"none","size":15,"color":"#000000"}},"offset":{"x":-117,"y":4},"foldChildren":false,"branchColor":"#1e22e1","children":[{"id":"05bc2287-1e39-47fe-8a41-edfc2690d697","parentId":"6afd8923-cadc-4672-8e2e-6b74d802b59a","text":{"caption":"Data Segment","font":{"style":"normal","weight":"normal","decoration":"none","size":15,"color":"#000000"}},"offset":{"x":-165,"y":41},"foldChildren":false,"branchColor":"#1e22e1","children":[]}]}]},{"id":"9bf14fae-c214-4a51-bf84-4efdbd818b81","parentId":"0fca6ae7-1b69-4a39-b4a9-796771129f2e","text":{"caption":"control","font":{"style":"normal","weight":"normal","decoration":"none","size":15,"color":"#000000"}},"offset":{"x":-281,"y":-39},"foldChildren":false,"branchColor":"#1e22e1","children":[{"id":"38c1c600-3ea3-4a8b-876d-31635e8c37cd","parentId":"9bf14fae-c214-4a51-bf84-4efdbd818b81","text":{"caption":"CR0","font":{"style":"normal","weight":"normal","decoration":"none","size":15,"color":"#000000"}},"offset":{"x":-123,"y":48},"foldChildren":false,"branchColor":"#1e22e1","children":[]}]},{"id":"4f21b74f-a2ae-46fb-a9da-fc895cf61c7f","parentId":"0fca6ae7-1b69-4a39-b4a9-796771129f2e","text":{"caption":"instruction pointer","font":{"style":"normal","weight":"normal","decoration":"none","size":15,"color":"#000000"}},"offset":{"x":-297,"y":-221},"foldChildren":false,"branchColor":"#1e22e1","children":[{"id":"b5a4961f-348b-4d73-8c69-0c25d4529552","parentId":"4f21b74f-a2ae-46fb-a9da-fc895cf61c7f","text":{"caption":"EIP","font":{"style":"normal","weight":"normal","decoration":"none","size":15,"color":"#000000"}},"offset":{"x":-144,"y":135},"foldChildren":false,"branchColor":"#1e22e1","children":[{"id":"2ad3b5c5-1590-4621-9e51-a2a1482fe38d","parentId":"b5a4961f-348b-4d73-8c69-0c25d4529552","text":{"caption":"point to the instruction being run","font":{"style":"normal","weight":"normal","decoration":"none","size":15,"color":"#000000"}},"offset":{"x":-172,"y":-86},"foldChildren":false,"branchColor":"#1e22e1","children":[]}]}]},{"id":"2e691a0b-b795-4851-a3d2-3a1535d3be95","parentId":"0fca6ae7-1b69-4a39-b4a9-796771129f2e","text":{"caption":"EBX\nBase","font":{"style":"normal","weight":"normal","decoration":"none","size":15,"color":"#000000"}},"offset":{"x":-424,"y":-374.6666666666667},"foldChildren":false,"branchColor":"#1e22e1","children":[{"id":"80b68b21-2c5f-42fd-8f22-d84cb3bfe217","parentId":"2e691a0b-b795-4851-a3d2-3a1535d3be95","text":{"caption":"pointer to data","font":{"style":"normal","weight":"normal","decoration":"none","size":15,"color":"#000000"}},"offset":{"x":-240,"y":-44},"foldChildren":false,"branchColor":"#1e22e1","children":[]}]},{"id":"11bb8a2b-e6f9-4f6f-a4cd-d37e3d58aebd","parentId":"0fca6ae7-1b69-4a39-b4a9-796771129f2e","text":{"caption":"EDX\nData - I/O pointer","font":{"style":"normal","weight":"normal","decoration":"none","size":15,"color":"#000000"}},"offset":{"x":-430.6666666666667,"y":-549.3333333333334},"foldChildren":false,"branchColor":"#1e22e1","children":[]},{"id":"752f5aa4-0b97-4371-9ccb-abbf904adfe8","parentId":"0fca6ae7-1b69-4a39-b4a9-796771129f2e","text":{"caption":"ESI / EDI","font":{"style":"normal","weight":"normal","decoration":"none","size":15,"color":"#000000"}},"offset":{"x":-356,"y":206.66666666666666},"foldChildren":false,"branchColor":"#1e22e1","children":[{"id":"4a645ff8-7369-4597-b722-e5ad8687fbce","parentId":"752f5aa4-0b97-4371-9ccb-abbf904adfe8","text":{"caption":"source/Destination index","font":{"style":"normal","weight":"normal","decoration":"none","size":15,"color":"#000000"}},"offset":{"x":-146.66666666666666,"y":-49.333333333333336},"foldChildren":false,"branchColor":"#1e22e1","children":[]},{"id":"9e55fa76-1955-4967-a8a9-8622f096573c","parentId":"752f5aa4-0b97-4371-9ccb-abbf904adfe8","text":{"caption":"use for string operations","font":{"style":"normal","weight":"normal","decoration":"none","size":15,"color":"#000000"}},"offset":{"x":-208,"y":28},"foldChildren":false,"branchColor":"#1e22e1","children":[]}]},{"id":"d58c8615-4133-44db-bc1c-2977a69a92ea","parentId":"0fca6ae7-1b69-4a39-b4a9-796771129f2e","text":{"caption":"ESP","font":{"style":"normal","weight":"normal","decoration":"none","size":15,"color":"#000000"}},"offset":{"x":-152,"y":260},"foldChildren":false,"branchColor":"#1e22e1","children":[{"id":"be6b753c-120d-4ff6-9fba-6c1eee3a9ce7","parentId":"d58c8615-4133-44db-bc1c-2977a69a92ea","text":{"caption":"top of the stack pointer","font":{"style":"normal","weight":"normal","decoration":"none","size":15,"color":"#000000"}},"offset":{"x":-94.66666666666667,"y":88},"foldChildren":false,"branchColor":"#1e22e1","children":[]}]},{"id":"69f40476-1b0d-4aa3-ac12-3aed2f74ea10","parentId":"0fca6ae7-1b69-4a39-b4a9-796771129f2e","text":{"caption":"EBP","font":{"style":"normal","weight":"normal","decoration":"none","size":15,"color":"#000000"}},"offset":{"x":-121.33333333333333,"y":352},"foldChildren":false,"branchColor":"#1e22e1","children":[{"id":"fb1e85e9-bc00-48dd-9b2b-2bed247e6e07","parentId":"69f40476-1b0d-4aa3-ac12-3aed2f74ea10","text":{"caption":"stack Data","font":{"style":"normal","weight":"normal","decoration":"none","size":15,"color":"#000000"}},"offset":{"x":-89.33333333333333,"y":58.666666666666664},"foldChildren":false,"branchColor":"#1e22e1","children":[]}]}]},{"id":"bb6ceb23-66e2-46e6-bf34-62270da2442e","parentId":"804717f9-ef42-4faf-b2fb-f6ed837890b2","text":{"caption":"Accessing the bits of a general purpose register","font":{"style":"normal","weight":"normal","decoration":"none","size":15,"color":"#000000"}},"offset":{"x":196,"y":229.33333333333334},"foldChildren":false,"branchColor":"#2b9424","children":[{"id":"5a861961-6cd4-46cf-8ebb-8c818d86fb19","parentId":"bb6ceb23-66e2-46e6-bf34-62270da2442e","text":{"caption":"EAX\n32 bits","font":{"style":"normal","weight":"normal","decoration":"none","size":15,"color":"#000000"}},"offset":{"x":197.33333333333334,"y":110.66666666666667},"foldChildren":false,"branchColor":"#2b9424","children":[{"id":"57ae9d9b-6904-4faa-82fa-69d6fc1595b5","parentId":"5a861961-6cd4-46cf-8ebb-8c818d86fb19","text":{"caption":"AX\nfirst 16 bits","font":{"style":"normal","weight":"normal","decoration":"none","size":15,"color":"#000000"}},"offset":{"x":114.66666666666667,"y":101.33333333333333},"foldChildren":false,"branchColor":"#2b9424","children":[{"id":"a7eac94a-1be0-4000-9684-0cca9bc83c88","parentId":"57ae9d9b-6904-4faa-82fa-69d6fc1595b5","text":{"caption":"AL\nlow bits - first 8 bits","font":{"style":"normal","weight":"normal","decoration":"none","size":15,"color":"#000000"}},"offset":{"x":112,"y":98.66666666666667},"foldChildren":false,"branchColor":"#2b9424","children":[]},{"id":"3ce54726-73a5-4fbb-8b8e-d22c96efce5c","parentId":"57ae9d9b-6904-4faa-82fa-69d6fc1595b5","text":{"caption":"AH","font":{"style":"normal","weight":"normal","decoration":"none","size":15,"color":"#000000"}},"offset":{"x":124,"y":6.666666666666667},"foldChildren":false,"branchColor":"#2b9424","children":[]}]}]}]},{"id":"6c0cfa2c-ef7b-4760-946c-f4b5382787ea","parentId":"804717f9-ef42-4faf-b2fb-f6ed837890b2","text":{"caption":"upon running a program","font":{"style":"normal","weight":"normal","decoration":"none","size":15,"color":"#000000"}},"offset":{"x":94.66666666666667,"y":-326.6666666666667},"foldChildren":false,"branchColor":"#57aacf","children":[{"id":"96c81895-2f6d-4cbe-87fa-03f152d1bb7b","parentId":"6c0cfa2c-ef7b-4760-946c-f4b5382787ea","text":{"caption":"it laid out on the memory - on a virtual segmentation and not a physical one","font":{"style":"normal","weight":"normal","decoration":"none","size":15,"color":"#000000"}},"offset":{"x":186.66666666666666,"y":-62.666666666666664},"foldChildren":false,"branchColor":"#57aacf","children":[{"id":"f8c3fc72-991f-4184-b368-392453c273b8","parentId":"96c81895-2f6d-4cbe-87fa-03f152d1bb7b","text":{"caption":"how?","font":{"style":"normal","weight":"normal","decoration":"none","size":15,"color":"#000000"}},"offset":{"x":254.66666666666666,"y":-5.333333333333333},"foldChildren":false,"branchColor":"#57aacf","children":[{"id":"47eaff6e-5c12-4ab3-ab69-bf9ea917f9eb","parentId":"f8c3fc72-991f-4184-b368-392453c273b8","text":{"caption":"the OS and the CPU make an abstraction","font":{"style":"normal","weight":"normal","decoration":"none","size":15,"color":"#000000"}},"offset":{"x":128,"y":-45.333333333333336},"foldChildren":false,"branchColor":"#57aacf","children":[]}]}]},{"id":"2e1e7953-5773-4be7-87ce-cea1e282902a","parentId":"6c0cfa2c-ef7b-4760-946c-f4b5382787ea","text":{"caption":"how does a process reflecst in the memory?","font":{"style":"normal","weight":"normal","decoration":"none","size":15,"color":"#000000"}},"offset":{"x":202.66666666666666,"y":-142.66666666666666},"foldChildren":false,"branchColor":"#57aacf","children":[{"id":"e0ba54fd-6245-4104-a172-927b15ae17a5","parentId":"2e1e7953-5773-4be7-87ce-cea1e282902a","text":{"caption":"segmentation","font":{"style":"normal","weight":"normal","decoration":"none","size":15,"color":"#000000"}},"offset":{"x":256,"y":-110.66666666666667},"foldChildren":false,"branchColor":"#57aacf","children":[{"id":"20bc27c4-db88-4f39-9cc8-bb16a28f47ed","parentId":"e0ba54fd-6245-4104-a172-927b15ae17a5","text":{"caption":"last segment:\nstack","font":{"style":"normal","weight":"normal","decoration":"none","size":15,"color":"#000000"}},"offset":{"x":208,"y":-193.33333333333334},"foldChildren":false,"branchColor":"#57aacf","children":[{"id":"23243ce0-ec32-427f-b1e3-061a2d0a29f0","parentId":"20bc27c4-db88-4f39-9cc8-bb16a28f47ed","text":{"caption":"store variables passd to function","font":{"style":"normal","weight":"normal","decoration":"none","size":15,"color":"#000000"}},"offset":{"x":221.33333333333334,"y":-70.66666666666667},"foldChildren":false,"branchColor":"#57aacf","children":[]},{"id":"2ab52c9f-f0c9-4aa9-adbd-1b2d57fb340e","parentId":"20bc27c4-db88-4f39-9cc8-bb16a28f47ed","text":{"caption":"store function's local variables","font":{"style":"normal","weight":"normal","decoration":"none","size":15,"color":"#000000"}},"offset":{"x":238.66666666666666,"y":-128},"foldChildren":false,"branchColor":"#57aacf","children":[]}]},{"id":"fb00e973-570f-4a30-a179-19da6956df22","parentId":"e0ba54fd-6245-4104-a172-927b15ae17a5","text":{"caption":"1st segment: \ntext","font":{"style":"normal","weight":"normal","decoration":"none","size":15,"color":"#000000"}},"offset":{"x":158.66666666666666,"y":76},"foldChildren":false,"branchColor":"#57aacf","children":[{"id":"8aa8df29-ebec-4ebc-bb74-fa7ea89b625e","parentId":"fb00e973-570f-4a30-a179-19da6956df22","text":{"caption":"the program code","font":{"style":"normal","weight":"normal","decoration":"none","size":15,"color":"#000000"}},"offset":{"x":146.66666666666666,"y":26.666666666666668},"foldChildren":false,"branchColor":"#57aacf","children":[]}]},{"id":"49d48823-71f3-481c-bdf5-7a6cefbc18b0","parentId":"e0ba54fd-6245-4104-a172-927b15ae17a5","text":{"caption":"bss","font":{"style":"normal","weight":"normal","decoration":"none","size":15,"color":"#000000"}},"offset":{"x":213.33333333333334,"y":-24},"foldChildren":false,"branchColor":"#57aacf","children":[{"id":"bd7b4465-4a32-41dc-aa17-eba2e236ad6b","parentId":"49d48823-71f3-481c-bdf5-7a6cefbc18b0","text":{"caption":"Uninitialized memory","font":{"style":"normal","weight":"normal","decoration":"none","size":15,"color":"#000000"}},"offset":{"x":158.66666666666666,"y":10.666666666666666},"foldChildren":false,"branchColor":"#57aacf","children":[]}]},{"id":"91081aea-ac10-45ac-ad1b-e3185b111fb7","parentId":"e0ba54fd-6245-4104-a172-927b15ae17a5","text":{"caption":"data","font":{"style":"normal","weight":"normal","decoration":"none","size":15,"color":"#000000"}},"offset":{"x":157.33333333333334,"y":32},"foldChildren":false,"branchColor":"#57aacf","children":[{"id":"a3316c8f-3faa-40a4-a619-3bfea934a316","parentId":"91081aea-ac10-45ac-ad1b-e3185b111fb7","text":{"caption":"initialize memory","font":{"style":"normal","weight":"normal","decoration":"none","size":15,"color":"#000000"}},"offset":{"x":148,"y":-8},"foldChildren":false,"branchColor":"#57aacf","children":[]}]},{"id":"b7e0d41f-43a9-49d0-8656-f5085adcc555","parentId":"e0ba54fd-6245-4104-a172-927b15ae17a5","text":{"caption":"heap","font":{"style":"normal","weight":"normal","decoration":"none","size":15,"color":"#000000"}},"offset":{"x":177.33333333333334,"y":-85.33333333333333},"foldChildren":false,"branchColor":"#57aacf","children":[{"id":"430a17dc-d51d-4137-89d5-87a8c1a73f6c","parentId":"b7e0d41f-43a9-49d0-8656-f5085adcc555","text":{"caption":"dynamic memory","font":{"style":"normal","weight":"normal","decoration":"none","size":15,"color":"#000000"}},"offset":{"x":250.66666666666666,"y":-16},"foldChildren":false,"branchColor":"#57aacf","children":[{"id":"7f8dbb34-904a-4320-9d91-fb113b93ee23","parentId":"430a17dc-d51d-4137-89d5-87a8c1a73f6c","text":{"caption":"C language:\nallocated with malloc()","font":{"style":"normal","weight":"normal","decoration":"none","size":15,"color":"#000000"}},"offset":{"x":208,"y":-46.666666666666664},"foldChildren":false,"branchColor":"#57aacf","children":[]}]}]},{"id":"d50d5681-8a86-4f02-9024-90bd62e0aeab","parentId":"e0ba54fd-6245-4104-a172-927b15ae17a5","text":{"caption":"grey brain","font":{"style":"normal","weight":"normal","decoration":"none","size":15,"color":"#000000"}},"offset":{"x":188,"y":-136},"foldChildren":false,"branchColor":"#57aacf","children":[{"id":"c3c03804-1f4a-49fd-ad8f-60a7b4c052a9","parentId":"d50d5681-8a86-4f02-9024-90bd62e0aeab","text":{"caption":"unused memory","font":{"style":"normal","weight":"normal","decoration":"none","size":15,"color":"#000000"}},"offset":{"x":297.3333333333333,"y":-61.333333333333336},"foldChildren":false,"branchColor":"#57aacf","children":[]}]}]}]},{"id":"bc651c95-6a95-442b-8675-332693e9f374","parentId":"6c0cfa2c-ef7b-4760-946c-f4b5382787ea","text":{"caption":"New Idea","font":{"style":"normal","weight":"normal","decoration":"none","size":15,"color":"#000000"}},"offset":{"x":228,"y":-233.33333333333334},"foldChildren":false,"branchColor":"#57aacf","children":[]}]},{"id":"58f7193e-69e5-4c8d-ae43-47cc7cc4a17c","parentId":"804717f9-ef42-4faf-b2fb-f6ed837890b2","text":{"caption":"Stack","font":{"style":"normal","weight":"normal","decoration":"none","size":15,"color":"#000000"}},"offset":{"x":117.33333333333333,"y":480},"foldChildren":false,"branchColor":"#79b50d","children":[{"id":"2b87beb9-dd9a-43a4-aeea-75f09e202622","parentId":"58f7193e-69e5-4c8d-ae43-47cc7cc4a17c","text":{"caption":"stack gets filled from the highest program's memory location","font":{"style":"normal","weight":"normal","decoration":"none","size":15,"color":"#000000"}},"offset":{"x":96,"y":105.33333333333333},"foldChildren":false,"branchColor":"#79b50d","children":[]},{"id":"4ad43e8a-2e77-4c7c-b35c-411d136fa7df","parentId":"58f7193e-69e5-4c8d-ae43-47cc7cc4a17c","text":{"caption":"New Idea","font":{"style":"normal","weight":"normal","decoration":"none","size":15,"color":"#000000"}},"offset":{"x":113.33333333333333,"y":228},"foldChildren":false,"branchColor":"#79b50d","children":[{"id":"53afbf1d-d42f-41be-bd20-0cc40b124d37","parentId":"4ad43e8a-2e77-4c7c-b35c-411d136fa7df","text":{"caption":"always will point to the top of the stack","font":{"style":"normal","weight":"normal","decoration":"none","size":15,"color":"#000000"}},"offset":{"x":143,"y":-38},"foldChildren":false,"branchColor":"#79b50d","children":[]},{"id":"7a8dfac7-4a56-438f-b7f9-4b1e7367e220","parentId":"4ad43e8a-2e77-4c7c-b35c-411d136fa7df","text":{"caption":"operands:","font":{"style":"normal","weight":"normal","decoration":"none","size":15,"color":"#000000"}},"offset":{"x":126,"y":44},"foldChildren":false,"branchColor":"#79b50d","children":[{"id":"97ae7ee3-e556-43b6-89da-2d9c2ca753bd","parentId":"7a8dfac7-4a56-438f-b7f9-4b1e7367e220","text":{"caption":"pop","font":{"style":"normal","weight":"normal","decoration":"none","size":15,"color":"#000000"}},"offset":{"x":113,"y":85},"foldChildren":false,"branchColor":"#79b50d","children":[]},{"id":"f5473c7d-1a12-442f-a4b5-a4e90b4ea8eb","parentId":"7a8dfac7-4a56-438f-b7f9-4b1e7367e220","text":{"caption":"push","font":{"style":"normal","weight":"normal","decoration":"none","size":15,"color":"#000000"}},"offset":{"x":115,"y":37},"foldChildren":false,"branchColor":"#79b50d","children":[]}]}]}]}]}},"dates":{"created":1399626206282,"modified":1399726139656},"dimensions":{"x":4000,"y":2000},"autosave":true}