{"id":"2221805e-3645-47fe-be97-07244fde54ee","title":"Assembly 1-2","mindmap":{"root":{"id":"059bbda7-f9ef-425d-907e-93cd1d788f88","parentId":null,"text":{"caption":"Assembly 1-2","font":{"style":"normal","weight":"bold","decoration":"none","size":20,"color":"#000000"}},"offset":{"x":0,"y":0},"foldChildren":false,"branchColor":"#000000","children":[{"id":"2f50507b-5b7e-4df2-ab48-fd7ab77dafd5","parentId":"059bbda7-f9ef-425d-907e-93cd1d788f88","text":{"caption":"from linux kernel 2.6","font":{"style":"normal","weight":"normal","decoration":"none","size":15,"color":"#000000"}},"offset":{"x":-173,"y":-96},"foldChildren":false,"branchColor":"#c2e0ba","children":[{"id":"40e9fff6-82df-4aac-be05-2c7118e83f94","parentId":"2f50507b-5b7e-4df2-ab48-fd7ab77dafd5","text":{"caption":"the program's stack will be layed out at a randomize    address in memory","font":{"style":"normal","weight":"normal","decoration":"none","size":15,"color":"#000000"}},"offset":{"x":-116,"y":-92},"foldChildren":false,"branchColor":"#c2e0ba","children":[]},{"id":"72eddd26-263f-4fb5-9db1-22dc59554738","parentId":"2f50507b-5b7e-4df2-ab48-fd7ab77dafd5","text":{"caption":"scenario","font":{"style":"normal","weight":"normal","decoration":"none","size":15,"color":"#000000"}},"offset":{"x":-58,"y":74},"foldChildren":false,"branchColor":"#c2e0ba","children":[{"id":"e9a941b3-22b4-4619-8293-3a7cd01e1b4a","parentId":"72eddd26-263f-4fb5-9db1-22dc59554738","text":{"caption":"run a program","font":{"style":"normal","weight":"normal","decoration":"none","size":15,"color":"#000000"}},"offset":{"x":-191,"y":-66},"foldChildren":false,"branchColor":"#c2e0ba","children":[{"id":"577a06a4-0875-4660-a114-37936562c40d","parentId":"e9a941b3-22b4-4619-8293-3a7cd01e1b4a","text":{"caption":"New Idea","font":{"style":"normal","weight":"normal","decoration":"none","size":15,"color":"#000000"}},"offset":{"x":-68,"y":37},"foldChildren":false,"branchColor":"#c2e0ba","children":[]}]},{"id":"9590a894-cf31-4828-980f-d2898e6e82e2","parentId":"72eddd26-263f-4fb5-9db1-22dc59554738","text":{"caption":"add a breakpoint","font":{"style":"normal","weight":"normal","decoration":"none","size":15,"color":"#000000"}},"offset":{"x":-196,"y":-5},"foldChildren":false,"branchColor":"#c2e0ba","children":[]},{"id":"0d43e295-cdee-438d-a2b6-3bc9360f8ad8","parentId":"72eddd26-263f-4fb5-9db1-22dc59554738","text":{"caption":"examine the programs's pid","font":{"style":"normal","weight":"normal","decoration":"none","size":15,"color":"#000000"}},"offset":{"x":-212,"y":63},"foldChildren":false,"branchColor":"#c2e0ba","children":[{"id":"99f944c8-a097-491f-820f-1ba7fb5b1f6e","parentId":"0d43e295-cdee-438d-a2b6-3bc9360f8ad8","text":{"caption":"ps -aux  | grep $program_name","font":{"style":"normal","weight":"normal","decoration":"none","size":15,"color":"#000000"}},"offset":{"x":-213,"y":73},"foldChildren":false,"branchColor":"#c2e0ba","children":[]}]},{"id":"42395735-eacb-4a20-b033-c8a618eb3857","parentId":"72eddd26-263f-4fb5-9db1-22dc59554738","text":{"caption":"writing a c program","font":{"style":"normal","weight":"normal","decoration":"none","size":15,"color":"#000000"}},"offset":{"x":-199,"y":-112},"foldChildren":false,"branchColor":"#c2e0ba","children":[{"id":"1154c7e1-9b4b-4731-adc7-af4afdce81a3","parentId":"42395735-eacb-4a20-b033-c8a618eb3857","text":{"caption":"compile with debug symbols","font":{"style":"normal","weight":"normal","decoration":"none","size":15,"color":"#000000"}},"offset":{"x":-179,"y":-47},"foldChildren":false,"branchColor":"#c2e0ba","children":[{"id":"db94e669-d99d-4319-9f46-785a2601c9c8","parentId":"1154c7e1-9b4b-4731-adc7-af4afdce81a3","text":{"caption":"gcc --ggdb -o nameExe name.c","font":{"style":"normal","weight":"normal","decoration":"none","size":15,"color":"#000000"}},"offset":{"x":-63,"y":-52},"foldChildren":false,"branchColor":"#c2e0ba","children":[]}]}]}]}]},{"id":"d2ded925-6ffc-45aa-aa2a-b8c5ab9f2d97","parentId":"059bbda7-f9ef-425d-907e-93cd1d788f88","text":{"caption":"gdb\nusing the debugger on a simple C program","font":{"style":"normal","weight":"normal","decoration":"none","size":15,"color":"#000000"}},"offset":{"x":57,"y":-255},"foldChildren":false,"branchColor":"#1b0243","children":[{"id":"75f97610-2435-42a5-844f-903d225731d8","parentId":"d2ded925-6ffc-45aa-aa2a-b8c5ab9f2d97","text":{"caption":"gdb shell","font":{"style":"normal","weight":"normal","decoration":"none","size":15,"color":"#000000"}},"offset":{"x":183,"y":104},"foldChildren":false,"branchColor":"#1b0243","children":[{"id":"7341e04e-e92f-4d9f-9abd-441d032e7a4b","parentId":"75f97610-2435-42a5-844f-903d225731d8","text":{"caption":"s=step\nstep 1 line of C code","font":{"style":"normal","weight":"normal","decoration":"none","size":15,"color":"#000000"}},"offset":{"x":125,"y":-57},"foldChildren":false,"branchColor":"#1b0243","children":[]},{"id":"c0f7d03a-85b4-419c-adc4-05ce24cf9e42","parentId":"75f97610-2435-42a5-844f-903d225731d8","text":{"caption":"b=breakpoint","font":{"style":"normal","weight":"normal","decoration":"none","size":15,"color":"#000000"}},"offset":{"x":129,"y":-99},"foldChildren":false,"branchColor":"#1b0243","children":[{"id":"959463f4-e4f2-44b0-a6d7-0d77dff7c47c","parentId":"c0f7d03a-85b4-419c-adc4-05ce24cf9e42","text":{"caption":"halt execution on line X","font":{"style":"normal","weight":"normal","decoration":"none","size":15,"color":"#000000"}},"offset":{"x":153,"y":-26},"foldChildren":false,"branchColor":"#1b0243","children":[]}]},{"id":"0b495489-4591-45b1-9853-d25da5def743","parentId":"75f97610-2435-42a5-844f-903d225731d8","text":{"caption":"c=continue","font":{"style":"normal","weight":"normal","decoration":"none","size":15,"color":"#000000"}},"offset":{"x":153,"y":-157},"foldChildren":false,"branchColor":"#1b0243","children":[{"id":"3fbecfcb-3d9a-4240-b671-1c67fb05ea98","parentId":"0b495489-4591-45b1-9853-d25da5def743","text":{"caption":"exit step mode - continue regular execution","font":{"style":"normal","weight":"normal","decoration":"none","size":15,"color":"#000000"}},"offset":{"x":121,"y":-29},"foldChildren":false,"branchColor":"#1b0243","children":[]}]},{"id":"ff15b77b-e5dc-45c4-95f8-de37eb59fb9f","parentId":"75f97610-2435-42a5-844f-903d225731d8","text":{"caption":"run program_name arg1 arg2 ..","font":{"style":"normal","weight":"normal","decoration":"none","size":15,"color":"#000000"}},"offset":{"x":194,"y":-267},"foldChildren":false,"branchColor":"#1b0243","children":[{"id":"9f1f2944-fe24-4afc-88b9-a85d34b43dc6","parentId":"ff15b77b-e5dc-45c4-95f8-de37eb59fb9f","text":{"caption":"restart execution of program_name","font":{"style":"normal","weight":"normal","decoration":"none","size":15,"color":"#000000"}},"offset":{"x":191,"y":-16},"foldChildren":false,"branchColor":"#1b0243","children":[{"id":"50af9c45-0e99-4fb4-99d6-f9b9b1fea236","parentId":"9f1f2944-fe24-4afc-88b9-a85d34b43dc6","text":{"caption":"in C language - starting at main() function","font":{"style":"normal","weight":"normal","decoration":"none","size":15,"color":"#000000"}},"offset":{"x":191,"y":-13},"foldChildren":false,"branchColor":"#1b0243","children":[]}]}]},{"id":"82b62864-5459-42a2-aab7-6cc3f620e5d3","parentId":"75f97610-2435-42a5-844f-903d225731d8","text":{"caption":"info","font":{"style":"normal","weight":"normal","decoration":"none","size":15,"color":"#000000"}},"offset":{"x":264,"y":-318},"foldChildren":false,"branchColor":"#1b0243","children":[{"id":"730f2320-eb78-4a43-9bbc-8d6c7b614d91","parentId":"82b62864-5459-42a2-aab7-6cc3f620e5d3","text":{"caption":"registers\npresent the cpu state","font":{"style":"normal","weight":"normal","decoration":"none","size":15,"color":"#000000"}},"offset":{"x":158,"y":-59},"foldChildren":false,"branchColor":"#1b0243","children":[{"id":"52bcebeb-1a74-4382-9e8b-69dd9ea2c932","parentId":"730f2320-eb78-4a43-9bbc-8d6c7b614d91","text":{"caption":"notice eip - the instruction pointer","font":{"style":"normal","weight":"normal","decoration":"none","size":15,"color":"#000000"}},"offset":{"x":176,"y":-45},"foldChildren":false,"branchColor":"#1b0243","children":[]}]},{"id":"97ec3cb5-e3cd-46c5-b55a-9162ccfa5a30","parentId":"82b62864-5459-42a2-aab7-6cc3f620e5d3","text":{"caption":"?","font":{"style":"normal","weight":"normal","decoration":"none","size":15,"color":"#000000"}},"offset":{"x":182,"y":-112},"foldChildren":false,"branchColor":"#1b0243","children":[]}]},{"id":"7ba1b4d0-8524-4448-94bd-b680439ed444","parentId":"75f97610-2435-42a5-844f-903d225731d8","text":{"caption":"help","font":{"style":"normal","weight":"normal","decoration":"none","size":15,"color":"#000000"}},"offset":{"x":274,"y":-399},"foldChildren":false,"branchColor":"#1b0243","children":[{"id":"c54d9ec7-13ba-479d-92ab-1b9c0030efec","parentId":"7ba1b4d0-8524-4448-94bd-b680439ed444","text":{"caption":"print the manual","font":{"style":"normal","weight":"normal","decoration":"none","size":15,"color":"#000000"}},"offset":{"x":194,"y":-100},"foldChildren":false,"branchColor":"#1b0243","children":[]},{"id":"331d125a-ad0a-4c79-9fdc-d59478f29674","parentId":"7ba1b4d0-8524-4448-94bd-b680439ed444","text":{"caption":"x","font":{"style":"normal","weight":"normal","decoration":"none","size":15,"color":"#000000"}},"offset":{"x":216,"y":-167},"foldChildren":false,"branchColor":"#1b0243","children":[{"id":"8c0b2d2b-ecbd-430f-bc79-f8d49b95ad53","parentId":"331d125a-ad0a-4c79-9fdc-d59478f29674","text":{"caption":"examine the memory","font":{"style":"normal","weight":"normal","decoration":"none","size":15,"color":"#000000"}},"offset":{"x":130,"y":-60},"foldChildren":false,"branchColor":"#1b0243","children":[]},{"id":"02cc18af-9396-40f3-97dc-44b2bf144be4","parentId":"331d125a-ad0a-4c79-9fdc-d59478f29674","text":{"caption":"x/format_name address_location","font":{"style":"normal","weight":"normal","decoration":"none","size":15,"color":"#000000"}},"offset":{"x":132,"y":-24},"foldChildren":false,"branchColor":"#1b0243","children":[{"id":"ac12cccd-5f4c-4fa2-9047-d85df43eeecb","parentId":"02cc18af-9396-40f3-97dc-44b2bf144be4","text":{"caption":"not to be confused with  the format parameter: x which type to x","font":{"style":"normal","weight":"normal","decoration":"none","size":15,"color":"#000000"}},"offset":{"x":193,"y":-4},"foldChildren":false,"branchColor":"#1b0243","children":[]}]},{"id":"6fa45dfb-bea8-4cc5-a5d5-5cd3252cad2a","parentId":"331d125a-ad0a-4c79-9fdc-d59478f29674","text":{"caption":"example","font":{"style":"normal","weight":"normal","decoration":"none","size":15,"color":"#000000"}},"offset":{"x":132,"y":44},"foldChildren":false,"branchColor":"#1b0243","children":[{"id":"1df6b0fe-c2df-46aa-83aa-5872ba064897","parentId":"6fa45dfb-bea8-4cc5-a5d5-5cd3252cad2a","text":{"caption":"print the memory layout \nin hex,\ngroup of 1 bytes,\n10 groups","font":{"style":"normal","weight":"normal","decoration":"none","size":15,"color":"#000000"}},"offset":{"x":122,"y":45},"foldChildren":false,"branchColor":"#1b0243","children":[{"id":"55b46a68-4daf-4473-8df8-f0517583bf68","parentId":"1df6b0fe-c2df-46aa-83aa-5872ba064897","text":{"caption":"x/10xb $address","font":{"style":"normal","weight":"normal","decoration":"none","size":15,"color":"#000000"}},"offset":{"x":197,"y":23},"foldChildren":false,"branchColor":"#1b0243","children":[]}]},{"id":"0efee850-11a6-45de-8cb5-5285bd33f687","parentId":"6fa45dfb-bea8-4cc5-a5d5-5cd3252cad2a","text":{"caption":"easier to read\nand understand commans like:push and pop","font":{"style":"normal","weight":"normal","decoration":"none","size":15,"color":"#000000"}},"offset":{"x":160,"y":182},"foldChildren":false,"branchColor":"#1b0243","children":[{"id":"f0da840d-15df-4a53-9be7-494fff11bcaa","parentId":"0efee850-11a6-45de-8cb5-5285bd33f687","text":{"caption":"use:\nx/10xw $address","font":{"style":"normal","weight":"normal","decoration":"none","size":15,"color":"#000000"}},"offset":{"x":227,"y":10},"foldChildren":false,"branchColor":"#1b0243","children":[]}]}]}]}]}]}]},{"id":"97b198d7-4b1e-4aad-9746-e087b6b2e5ca","parentId":"059bbda7-f9ef-425d-907e-93cd1d788f88","text":{"caption":"linux","font":{"style":"normal","weight":"normal","decoration":"none","size":15,"color":"#000000"}},"offset":{"x":110,"y":142},"foldChildren":false,"branchColor":"#63de52","children":[{"id":"edf08ec2-c008-44f5-a0b9-f296d6281483","parentId":"97b198d7-4b1e-4aad-9746-e087b6b2e5ca","text":{"caption":"kernel runtime info","font":{"style":"normal","weight":"normal","decoration":"none","size":15,"color":"#000000"}},"offset":{"x":87,"y":104},"foldChildren":false,"branchColor":"#63de52","children":[{"id":"e1d80b2c-f0ad-45ca-b7f3-5136c5d39da1","parentId":"edf08ec2-c008-44f5-a0b9-f296d6281483","text":{"caption":"print the memory layout for our process_pid:","font":{"style":"normal","weight":"normal","decoration":"none","size":15,"color":"#000000"}},"offset":{"x":132,"y":73},"foldChildren":false,"branchColor":"#63de52","children":[{"id":"56c42452-7a0a-4335-8b50-e13a4bf05767","parentId":"e1d80b2c-f0ad-45ca-b7f3-5136c5d39da1","text":{"caption":"ls /proc/$our_program_pid/map","font":{"style":"normal","weight":"normal","decoration":"none","size":15,"color":"#000000"}},"offset":{"x":191,"y":101},"foldChildren":false,"branchColor":"#63de52","children":[]}]}]},{"id":"bbffbbbb-741b-4bac-b9c2-e341677e9b2f","parentId":"97b198d7-4b1e-4aad-9746-e087b6b2e5ca","text":{"caption":"kernel version","font":{"style":"normal","weight":"normal","decoration":"none","size":15,"color":"#000000"}},"offset":{"x":151,"y":-95},"foldChildren":false,"branchColor":"#63de52","children":[{"id":"54f3d34a-257d-4bf8-a8cf-2afcc7e57438","parentId":"bbffbbbb-741b-4bac-b9c2-e341677e9b2f","text":{"caption":"uname -a","font":{"style":"normal","weight":"normal","decoration":"none","size":15,"color":"#000000"}},"offset":{"x":121,"y":71},"foldChildren":false,"branchColor":"#63de52","children":[]}]},{"id":"14e57ef4-3c88-4a17-91c1-734e00f378d5","parentId":"97b198d7-4b1e-4aad-9746-e087b6b2e5ca","text":{"caption":"vulnerable","font":{"style":"normal","weight":"normal","decoration":"none","size":15,"color":"#000000"}},"offset":{"x":132,"y":-190},"foldChildren":false,"branchColor":"#63de52","children":[{"id":"ef2f1eba-c039-45ad-9cc7-efaba83ad9ec","parentId":"14e57ef4-3c88-4a17-91c1-734e00f378d5","text":{"caption":"exploit","font":{"style":"normal","weight":"normal","decoration":"none","size":15,"color":"#000000"}},"offset":{"x":130,"y":-53},"foldChildren":false,"branchColor":"#63de52","children":[{"id":"a60d3390-750e-4371-8721-5ab89f844c58","parentId":"ef2f1eba-c039-45ad-9cc7-efaba83ad9ec","text":{"caption":"hard-coded memory address","font":{"style":"normal","weight":"normal","decoration":"none","size":15,"color":"#000000"}},"offset":{"x":93,"y":-99},"foldChildren":false,"branchColor":"#63de52","children":[]},{"id":"0098f000-d291-42fa-8bea-271b84c69132","parentId":"ef2f1eba-c039-45ad-9cc7-efaba83ad9ec","text":{"caption":"system use the same physical address","font":{"style":"normal","weight":"normal","decoration":"none","size":15,"color":"#000000"}},"offset":{"x":100,"y":88},"foldChildren":false,"branchColor":"#63de52","children":[{"id":"3647ca89-d2fa-4c38-a6e9-e58b130869d0","parentId":"0098f000-d291-42fa-8bea-271b84c69132","text":{"caption":"for every process' virtual memory layout","font":{"style":"normal","weight":"normal","decoration":"none","size":15,"color":"#000000"}},"offset":{"x":193,"y":70},"foldChildren":false,"branchColor":"#63de52","children":[]}]}]}]},{"id":"4357921c-cdbc-4a1f-b349-2e3011f83028","parentId":"97b198d7-4b1e-4aad-9746-e087b6b2e5ca","text":{"caption":"/proc/sys/kernel","font":{"style":"normal","weight":"normal","decoration":"none","size":15,"color":"#000000"}},"offset":{"x":262,"y":77},"foldChildren":false,"branchColor":"#63de52","children":[{"id":"e62373ed-43f3-4f6a-834b-2480a20941f6","parentId":"4357921c-cdbc-4a1f-b349-2e3011f83028","text":{"caption":"/random_va_space","font":{"style":"normal","weight":"normal","decoration":"none","size":15,"color":"#000000"}},"offset":{"x":156,"y":68},"foldChildren":false,"branchColor":"#63de52","children":[{"id":"06fb41e9-8133-40fd-8be5-ddcfeaa23465","parentId":"e62373ed-43f3-4f6a-834b-2480a20941f6","text":{"caption":"0","font":{"style":"normal","weight":"normal","decoration":"none","size":15,"color":"#000000"}},"offset":{"x":163,"y":-25},"foldChildren":false,"branchColor":"#63de52","children":[]},{"id":"9e3293d3-d36b-4af9-b85a-35878d6b0056","parentId":"e62373ed-43f3-4f6a-834b-2480a20941f6","text":{"caption":"1","font":{"style":"normal","weight":"normal","decoration":"none","size":15,"color":"#000000"}},"offset":{"x":160,"y":60},"foldChildren":false,"branchColor":"#63de52","children":[{"id":"89c77ef7-8e28-42fc-a50a-03a4d01b570e","parentId":"9e3293d3-d36b-4af9-b85a-35878d6b0056","text":{"caption":"more secure","font":{"style":"normal","weight":"normal","decoration":"none","size":15,"color":"#000000"}},"offset":{"x":111,"y":-34},"foldChildren":false,"branchColor":"#63de52","children":[]}]}]}]}]},{"id":"5ec568b3-a987-43cc-9529-6ed6f467905d","parentId":"059bbda7-f9ef-425d-907e-93cd1d788f88","text":{"caption":"primitives","font":{"style":"normal","weight":"normal","decoration":"none","size":15,"color":"#000000"}},"offset":{"x":-145,"y":165},"foldChildren":false,"branchColor":"#148e33","children":[{"id":"e7ce1a63-c278-41e3-bb97-a5923a0581ac","parentId":"5ec568b3-a987-43cc-9529-6ed6f467905d","text":{"caption":"byte","font":{"style":"normal","weight":"normal","decoration":"none","size":15,"color":"#000000"}},"offset":{"x":-78,"y":97},"foldChildren":false,"branchColor":"#148e33","children":[{"id":"d1fe9577-436d-4b50-b5bd-087783ccca7e","parentId":"e7ce1a63-c278-41e3-bb97-a5923a0581ac","text":{"caption":"8 bits","font":{"style":"normal","weight":"normal","decoration":"none","size":15,"color":"#000000"}},"offset":{"x":-153,"y":185},"foldChildren":false,"branchColor":"#148e33","children":[]},{"id":"776ef83c-12bd-4d2b-be09-f8e79ed9d65b","parentId":"e7ce1a63-c278-41e3-bb97-a5923a0581ac","text":{"caption":"2 hex","font":{"style":"normal","weight":"normal","decoration":"none","size":15,"color":"#000000"}},"offset":{"x":-155,"y":250},"foldChildren":false,"branchColor":"#148e33","children":[]},{"id":"401fc62c-6306-4722-8872-396feac6c733","parentId":"e7ce1a63-c278-41e3-bb97-a5923a0581ac","text":{"caption":"256 combinations","font":{"style":"normal","weight":"normal","decoration":"none","size":15,"color":"#000000"}},"offset":{"x":-256,"y":143},"foldChildren":false,"branchColor":"#148e33","children":[]}]},{"id":"c1dec9dc-fe2b-4214-9bc5-ec49cfb63375","parentId":"5ec568b3-a987-43cc-9529-6ed6f467905d","text":{"caption":"nimble","font":{"style":"normal","weight":"normal","decoration":"none","size":15,"color":"#000000"}},"offset":{"x":-149,"y":42},"foldChildren":false,"branchColor":"#148e33","children":[{"id":"c2061325-788d-40f4-94a7-18b83f8f40f8","parentId":"c1dec9dc-fe2b-4214-9bc5-ec49cfb63375","text":{"caption":"4 bits","font":{"style":"normal","weight":"normal","decoration":"none","size":15,"color":"#000000"}},"offset":{"x":-91,"y":49},"foldChildren":false,"branchColor":"#148e33","children":[]},{"id":"0e1152ca-120e-496a-ad12-97b1f0c2f151","parentId":"c1dec9dc-fe2b-4214-9bc5-ec49cfb63375","text":{"caption":"1 hex","font":{"style":"normal","weight":"normal","decoration":"none","size":15,"color":"#000000"}},"offset":{"x":-83,"y":-3},"foldChildren":false,"branchColor":"#148e33","children":[]},{"id":"1fe8ce2b-ffb1-4ac7-89c9-dd5617681d3e","parentId":"c1dec9dc-fe2b-4214-9bc5-ec49cfb63375","text":{"caption":"16 combinations","font":{"style":"normal","weight":"normal","decoration":"none","size":15,"color":"#000000"}},"offset":{"x":-54,"y":-49},"foldChildren":false,"branchColor":"#148e33","children":[]}]}]}]}},"dates":{"created":1399736581834,"modified":1399875146883},"dimensions":{"x":4000,"y":2000},"autosave":true}