{"id":"eaf76116-bcee-4bc6-8616-b440b324699f","title":"git is fun!!!\n- just remember there are 3 steps!","mindmap":{"root":{"id":"47109a61-7caf-4787-95f2-cb176da42f44","parentId":null,"text":{"caption":"git is fun!!!\n- just remember there are 3 steps!","font":{"style":"normal","weight":"bold","decoration":"none","size":20,"color":"#000000"}},"offset":{"x":0,"y":0},"foldChildren":false,"branchColor":"#000000","children":[{"id":"88558df0-b51b-4fb6-985c-5bcdc9bcd962","parentId":"47109a61-7caf-4787-95f2-cb176da42f44","text":{"caption":"3 steps\nhow to remember?","font":{"style":"normal","weight":"normal","decoration":"none","size":15,"color":"#000000"}},"offset":{"x":-263.65625,"y":-243.328125},"foldChildren":false,"branchColor":"#aefd41","children":[{"id":"79977cb9-97f3-44ff-a9ba-167928bd41fc","parentId":"88558df0-b51b-4fb6-985c-5bcdc9bcd962","text":{"caption":"local working directory - fresh and sometime gets dirty","font":{"style":"normal","weight":"normal","decoration":"none","size":15,"color":"#000000"}},"offset":{"x":-322.65625,"y":-213.578125},"foldChildren":false,"branchColor":"#aefd41","children":[]},{"id":"170e8362-ed25-4de2-a0b0-01edc682ea3d","parentId":"88558df0-b51b-4fb6-985c-5bcdc9bcd962","text":{"caption":"after we do some changes to disk(passimism) we can propose our ivention down the road","font":{"style":"normal","weight":"normal","decoration":"none","size":15,"color":"#000000"}},"offset":{"x":-331.328125,"y":-79.65625},"foldChildren":false,"branchColor":"#aefd41","children":[{"id":"e7f40a22-8791-47a2-b657-7c78f40f4110","parentId":"170e8362-ed25-4de2-a0b0-01edc682ea3d","text":{"caption":"our boss may tell  us  that our code is rubbish and we will have to:\ngit stash","font":{"style":"normal","weight":"normal","decoration":"none","size":15,"color":"#000000"}},"offset":{"x":-337,"y":-426},"foldChildren":false,"branchColor":"#aefd41","children":[{"id":"0cb3c50a-c5be-4e03-90bb-1c0df55d7cc5","parentId":"e7f40a22-8791-47a2-b657-7c78f40f4110","text":{"caption":"level 1:\nlocal working directory","font":{"style":"normal","weight":"normal","decoration":"none","size":15,"color":"#000000"}},"offset":{"x":-167,"y":-1},"foldChildren":false,"branchColor":"#aefd41","children":[]}]},{"id":"113549f5-8cdc-4729-a0db-0dce83c46ed6","parentId":"170e8362-ed25-4de2-a0b0-01edc682ea3d","text":{"caption":"maybe we have a luck today and the boss like our improvements : we have to:\ngit add . && git commit -am 'our description'","font":{"style":"normal","weight":"normal","decoration":"none","size":15,"color":"#000000"}},"offset":{"x":-352,"y":-295},"foldChildren":false,"branchColor":"#aefd41","children":[{"id":"2208d967-3c41-4ba0-b8d2-2fc76e5ea1cd","parentId":"113549f5-8cdc-4729-a0db-0dce83c46ed6","text":{"caption":"level 2:\nwe are on the stage and our boss indexed our code","font":{"style":"normal","weight":"normal","decoration":"none","size":15,"color":"#000000"}},"offset":{"x":-236,"y":-31},"foldChildren":false,"branchColor":"#aefd41","children":[{"id":"83fb2f84-8f62-4114-92ff-295e7b8059d8","parentId":"2208d967-3c41-4ba0-b8d2-2fc76e5ea1cd","text":{"caption":"Stage(index)","font":{"style":"normal","weight":"normal","decoration":"none","size":15,"color":"#000000"}},"offset":{"x":-219,"y":-101},"foldChildren":false,"branchColor":"#aefd41","children":[]}]}]},{"id":"ffa53343-6c0d-4070-8e66-eb088d97f828","parentId":"170e8362-ed25-4de2-a0b0-01edc682ea3d","text":{"caption":"our boss successfuly pushes our code even to his BOSS!!","font":{"style":"normal","weight":"normal","decoration":"none","size":15,"color":"#000000"}},"offset":{"x":-592,"y":-198},"foldChildren":false,"branchColor":"#aefd41","children":[{"id":"866dfa51-ecea-4b25-ae78-31ccb7ead3b4","parentId":"ffa53343-6c0d-4070-8e66-eb088d97f828","text":{"caption":"YeY - we reached the big boss - the HEAD","font":{"style":"normal","weight":"normal","decoration":"none","size":15,"color":"#000000"}},"offset":{"x":-234,"y":-129},"foldChildren":false,"branchColor":"#aefd41","children":[]},{"id":"8cdc2168-346b-4807-b740-26d49f63580f","parentId":"ffa53343-6c0d-4070-8e66-eb088d97f828","text":{"caption":"we are actually  re-write the HISTORY","font":{"style":"normal","weight":"normal","decoration":"none","size":15,"color":"#000000"}},"offset":{"x":-234,"y":-37},"foldChildren":false,"branchColor":"#aefd41","children":[]},{"id":"2eec7022-e664-4e90-aaa8-4972259792ae","parentId":"ffa53343-6c0d-4070-8e66-eb088d97f828","text":{"caption":"level 3:\nHEAD/HISTORY","font":{"style":"normal","weight":"normal","decoration":"none","size":15,"color":"#000000"}},"offset":{"x":-231,"y":50},"foldChildren":false,"branchColor":"#aefd41","children":[]}]}]}]},{"id":"1a1e728a-dd02-4ba3-876c-9c812bd49142","parentId":"47109a61-7caf-4787-95f2-cb176da42f44","text":{"caption":"tutorials","font":{"style":"normal","weight":"normal","decoration":"none","size":15,"color":"#000000"}},"offset":{"x":671.6666666666666,"y":203.33333333333334},"foldChildren":false,"branchColor":"#19a32c","children":[{"id":"b877c48a-c335-48b2-b6e2-823735656ce0","parentId":"1a1e728a-dd02-4ba3-876c-9c812bd49142","text":{"caption":"https://try.github.io","font":{"style":"normal","weight":"normal","decoration":"none","size":15,"color":"#000000"}},"offset":{"x":187,"y":-110.33333333333333},"foldChildren":false,"branchColor":"#19a32c","children":[]},{"id":"00cd88a4-10a8-457a-85ad-ecb134abb316","parentId":"1a1e728a-dd02-4ba3-876c-9c812bd49142","text":{"caption":"http://rogerdudler.github.io/git-guide/","font":{"style":"normal","weight":"normal","decoration":"none","size":15,"color":"#000000"}},"offset":{"x":145.33333333333334,"y":106.66666666666667},"foldChildren":false,"branchColor":"#19a32c","children":[]},{"id":"bf0f66df-1399-4960-8463-7e2d2ff1f83c","parentId":"1a1e728a-dd02-4ba3-876c-9c812bd49142","text":{"caption":"how to inpect code","font":{"style":"normal","weight":"normal","decoration":"none","size":15,"color":"#000000"}},"offset":{"x":197.33333333333334,"y":24},"foldChildren":false,"branchColor":"#19a32c","children":[{"id":"dc0a421c-19c3-4271-9980-8e9556b1b5d4","parentId":"bf0f66df-1399-4960-8463-7e2d2ff1f83c","text":{"caption":"git log --help","font":{"style":"normal","weight":"normal","decoration":"none","size":15,"color":"#000000"}},"offset":{"x":198.66666666666666,"y":92},"foldChildren":false,"branchColor":"#19a32c","children":[]}]}]},{"id":"90d78717-c3cb-4a76-ba3a-a14a51e84564","parentId":"47109a61-7caf-4787-95f2-cb176da42f44","text":{"caption":"automation","font":{"style":"normal","weight":"normal","decoration":"none","size":15,"color":"#000000"}},"offset":{"x":-244.59375,"y":15.1875},"foldChildren":false,"branchColor":"#1ec68c","children":[{"id":"86097112-04b9-4bf7-9a92-9e82efdb9b30","parentId":"90d78717-c3cb-4a76-ba3a-a14a51e84564","text":{"caption":"use frequently:\ngit status","font":{"style":"normal","weight":"normal","decoration":"none","size":15,"color":"#000000"}},"offset":{"x":-220.8,"y":-130.8},"foldChildren":false,"branchColor":"#1ec68c","children":[]},{"id":"3099610c-6beb-44df-9973-c06d8223ea97","parentId":"90d78717-c3cb-4a76-ba3a-a14a51e84564","text":{"caption":"use a cron job for popup a dialog which remind you about tagging your changes","font":{"style":"normal","weight":"normal","decoration":"none","size":15,"color":"#000000"}},"offset":{"x":-233,"y":-1},"foldChildren":false,"branchColor":"#1ec68c","children":[]}]},{"id":"79a36f23-0130-4221-9aa5-17a17c201fff","parentId":"47109a61-7caf-4787-95f2-cb176da42f44","text":{"caption":"glossary","font":{"style":"normal","weight":"normal","decoration":"none","size":15,"color":"#000000"}},"offset":{"x":161.6,"y":-363.2},"foldChildren":false,"branchColor":"#8cf948","children":[{"id":"7127ed08-f208-4a7a-b345-7bb89af0b410","parentId":"79a36f23-0130-4221-9aa5-17a17c201fff","text":{"caption":"track/untrack","font":{"style":"normal","weight":"normal","decoration":"none","size":15,"color":"#000000"}},"offset":{"x":268,"y":-32.59375},"foldChildren":false,"branchColor":"#8cf948","children":[{"id":"f4d0f1cb-73e8-4537-85dc-24a00a53f63f","parentId":"7127ed08-f208-4a7a-b345-7bb89af0b410","text":{"caption":"track:\n git add $file","font":{"style":"normal","weight":"normal","decoration":"none","size":15,"color":"#000000"}},"offset":{"x":196,"y":-59.2},"foldChildren":false,"branchColor":"#8cf948","children":[{"id":"afb1e5ab-ce79-4c15-84a5-3a7a58bbdf4c","parentId":"f4d0f1cb-73e8-4537-85dc-24a00a53f63f","text":{"caption":"tracking a changed file\nmakes it a candidate to be added to the repository","font":{"style":"normal","weight":"normal","decoration":"none","size":15,"color":"#000000"}},"offset":{"x":132,"y":-32},"foldChildren":false,"branchColor":"#8cf948","children":[]}]},{"id":"de1d8dc6-e655-42b3-a271-2aa5f62068d4","parentId":"7127ed08-f208-4a7a-b345-7bb89af0b410","text":{"caption":"untrack:","font":{"style":"normal","weight":"normal","decoration":"none","size":15,"color":"#000000"}},"offset":{"x":203.59375,"y":17.40625},"foldChildren":false,"branchColor":"#8cf948","children":[{"id":"633696f9-7e58-47c0-b506-65b8f804880c","parentId":"de1d8dc6-e655-42b3-a271-2aa5f62068d4","text":{"caption":"New Idea","font":{"style":"normal","weight":"normal","decoration":"none","size":15,"color":"#000000"}},"offset":{"x":135,"y":60},"foldChildren":false,"branchColor":"#8cf948","children":[]}]}]},{"id":"4455d645-ae11-4ca9-8294-ad8ac596847b","parentId":"79a36f23-0130-4221-9aa5-17a17c201fff","text":{"caption":"branch","font":{"style":"normal","weight":"normal","decoration":"none","size":15,"color":"#000000"}},"offset":{"x":300.8,"y":111.2},"foldChildren":false,"branchColor":"#8cf948","children":[{"id":"4e85d9e5-bc18-443e-b6b1-a9c4c7e81959","parentId":"4455d645-ae11-4ca9-8294-ad8ac596847b","text":{"caption":"master","font":{"style":"normal","weight":"normal","decoration":"none","size":15,"color":"#000000"}},"offset":{"x":136.8,"y":-9.6},"foldChildren":false,"branchColor":"#8cf948","children":[{"id":"c84fce0f-9088-44e4-91f1-550e88426658","parentId":"4e85d9e5-bc18-443e-b6b1-a9c4c7e81959","text":{"caption":"the initial branch","font":{"style":"normal","weight":"normal","decoration":"none","size":15,"color":"#000000"}},"offset":{"x":136.8,"y":61.6},"foldChildren":false,"branchColor":"#8cf948","children":[]},{"id":"4a59c521-6bae-48cc-bd09-7c333614f8e5","parentId":"4e85d9e5-bc18-443e-b6b1-a9c4c7e81959","text":{"caption":"is managed by the BigBoss","font":{"style":"normal","weight":"normal","decoration":"none","size":15,"color":"#000000"}},"offset":{"x":140,"y":131.2},"foldChildren":false,"branchColor":"#8cf948","children":[]}]},{"id":"28cbb22e-3902-40bb-a7d9-93f7d1477dbc","parentId":"4455d645-ae11-4ca9-8294-ad8ac596847b","text":{"caption":"develop","font":{"style":"normal","weight":"normal","decoration":"none","size":15,"color":"#000000"}},"offset":{"x":190.4,"y":172.8},"foldChildren":false,"branchColor":"#8cf948","children":[{"id":"359ff59b-80d3-4594-abd0-1fa2dbb29200","parentId":"28cbb22e-3902-40bb-a7d9-93f7d1477dbc","text":{"caption":"yes, you are aloud to work on branches which split from the develop branch","font":{"style":"normal","weight":"normal","decoration":"none","size":15,"color":"#000000"}},"offset":{"x":138.4,"y":60},"foldChildren":false,"branchColor":"#8cf948","children":[]}]},{"id":"ed374b15-8f62-41fb-84c1-aee7ed19659a","parentId":"4455d645-ae11-4ca9-8294-ad8ac596847b","text":{"caption":"branches are isolated creatures","font":{"style":"normal","weight":"normal","decoration":"none","size":15,"color":"#000000"}},"offset":{"x":239.2,"y":-28},"foldChildren":false,"branchColor":"#8cf948","children":[{"id":"711db09e-59bb-4a47-b5f6-14e41c7feb9c","parentId":"ed374b15-8f62-41fb-84c1-aee7ed19659a","text":{"caption":"the speak to each other using  : git merge","font":{"style":"normal","weight":"normal","decoration":"none","size":15,"color":"#000000"}},"offset":{"x":234.4,"y":-18.4},"foldChildren":false,"branchColor":"#8cf948","children":[]}]}]},{"id":"072c1f2b-34f5-42a7-87ec-8e1add6fba9f","parentId":"79a36f23-0130-4221-9aa5-17a17c201fff","text":{"caption":"repository(AKA: repo) VS stage","font":{"style":"normal","weight":"normal","decoration":"none","size":15,"color":"#000000"}},"offset":{"x":173.6,"y":226.4},"foldChildren":false,"branchColor":"#8cf948","children":[{"id":"2e9ee81f-fc34-43cc-8bef-692e84b9c697","parentId":"072c1f2b-34f5-42a7-87ec-8e1add6fba9f","text":{"caption":"stage:\nthe staging area - changes here are not part of the repo until we add them(git add)","font":{"style":"normal","weight":"normal","decoration":"none","size":15,"color":"#000000"}},"offset":{"x":195.2,"y":82.4},"foldChildren":false,"branchColor":"#8cf948","children":[]}]},{"id":"c6765016-1620-4221-8ae7-79b2f0ba45f5","parentId":"79a36f23-0130-4221-9aa5-17a17c201fff","text":{"caption":"commit","font":{"style":"normal","weight":"normal","decoration":"none","size":15,"color":"#000000"}},"offset":{"x":165.796875,"y":-97},"foldChildren":false,"branchColor":"#8cf948","children":[{"id":"da7fdd13-9c28-4331-82e0-759d09966c5d","parentId":"c6765016-1620-4221-8ae7-79b2f0ba45f5","text":{"caption":"commit\ncp the tracked files to the git repo","font":{"style":"normal","weight":"normal","decoration":"none","size":15,"color":"#000000"}},"offset":{"x":216.390625,"y":-48.1875},"foldChildren":false,"branchColor":"#8cf948","children":[]},{"id":"4b16e32b-1ad1-4095-92d5-80633067c514","parentId":"c6765016-1620-4221-8ae7-79b2f0ba45f5","text":{"caption":"stash\nundo changes! go back home!","font":{"style":"normal","weight":"normal","decoration":"none","size":15,"color":"#000000"}},"offset":{"x":236.8,"y":-116},"foldChildren":false,"branchColor":"#8cf948","children":[]},{"id":"c8614564-09f5-44ef-bdda-f74665b7b42c","parentId":"c6765016-1620-4221-8ae7-79b2f0ba45f5","text":{"caption":"once you tag your changes using: git commit -m $tag_description","font":{"style":"normal","weight":"normal","decoration":"none","size":15,"color":"#000000"}},"offset":{"x":235,"y":-226},"foldChildren":false,"branchColor":"#8cf948","children":[{"id":"5e2bac07-ab47-486a-928f-ac078efd328c","parentId":"c8614564-09f5-44ef-bdda-f74665b7b42c","text":{"caption":"your code wins eternity for you gave it a name and a description","font":{"style":"normal","weight":"normal","decoration":"none","size":15,"color":"#000000"}},"offset":{"x":189,"y":-12},"foldChildren":false,"branchColor":"#8cf948","children":[]}]}]}]},{"id":"a0198607-f6ae-4ec1-9a5a-3f2784dcfe3b","parentId":"47109a61-7caf-4787-95f2-cb176da42f44","text":{"caption":"step0\nworking dir","font":{"style":"normal","weight":"normal","decoration":"none","size":15,"color":"#000000"}},"offset":{"x":-223.8125,"y":344.1875},"foldChildren":false,"branchColor":"#37dd15","children":[{"id":"e6053830-e9f7-43c1-b84c-0c1f5bf22991","parentId":"a0198607-f6ae-4ec1-9a5a-3f2784dcfe3b","text":{"caption":"git add + git commit","font":{"style":"normal","weight":"normal","decoration":"none","size":15,"color":"#000000"}},"offset":{"x":-216.1875,"y":175.796875},"foldChildren":false,"branchColor":"#37dd15","children":[{"id":"6426b372-18cb-405c-ae5c-e7839ec4a490","parentId":"e6053830-e9f7-43c1-b84c-0c1f5bf22991","text":{"caption":"step1\nindex stage","font":{"style":"normal","weight":"normal","decoration":"none","size":15,"color":"#000000"}},"offset":{"x":-89.6,"y":41.8},"foldChildren":false,"branchColor":"#37dd15","children":[{"id":"792a272a-c080-4108-bad6-10bfadcd0e11","parentId":"6426b372-18cb-405c-ae5c-e7839ec4a490","text":{"caption":"git commit","font":{"style":"normal","weight":"normal","decoration":"none","size":15,"color":"#000000"}},"offset":{"x":-84.4,"y":52.2},"foldChildren":false,"branchColor":"#37dd15","children":[{"id":"26654b26-d2bc-4796-9609-4205a7650f26","parentId":"792a272a-c080-4108-bad6-10bfadcd0e11","text":{"caption":"step2\nHEAD","font":{"style":"normal","weight":"normal","decoration":"none","size":15,"color":"#000000"}},"offset":{"x":-100.8,"y":46.4},"foldChildren":false,"branchColor":"#37dd15","children":[]}]}]},{"id":"232c374e-80ca-4f4e-ae1d-7d30b7da98e1","parentId":"e6053830-e9f7-43c1-b84c-0c1f5bf22991","text":{"caption":"local changes will be proposed to our local Boss","font":{"style":"normal","weight":"normal","decoration":"none","size":15,"color":"#000000"}},"offset":{"x":211.2,"y":130.4},"foldChildren":false,"branchColor":"#37dd15","children":[{"id":"8470e2c7-a997-4280-9687-086a1c88046e","parentId":"232c374e-80ca-4f4e-ae1d-7d30b7da98e1","text":{"caption":"our boss may push them to the remove server - and his BigBoss may decide to accept it and merge it to his repo","font":{"style":"normal","weight":"normal","decoration":"none","size":15,"color":"#000000"}},"offset":{"x":210.4,"y":96.8},"foldChildren":false,"branchColor":"#37dd15","children":[{"id":"d9f3dd4c-57d7-4a01-9278-f1d22044c08c","parentId":"8470e2c7-a997-4280-9687-086a1c88046e","text":{"caption":"DO NOT DO","font":{"style":"normal","weight":"normal","decoration":"none","size":15,"color":"#000000"}},"offset":{"x":181.33333333333334,"y":200.66666666666666},"foldChildren":false,"branchColor":"#37dd15","children":[{"id":"d69ba55a-b33c-453b-9cdb-1acf8539a898","parentId":"d9f3dd4c-57d7-4a01-9278-f1d22044c08c","text":{"caption":"git push origin master","font":{"style":"normal","weight":"normal","decoration":"none","size":15,"color":"#000000"}},"offset":{"x":124.66666666666667,"y":63.333333333333336},"foldChildren":false,"branchColor":"#37dd15","children":[{"id":"47bac34d-d455-4d3e-8d36-a86e8587219c","parentId":"d69ba55a-b33c-453b-9cdb-1acf8539a898","text":{"caption":"the master branch is mananged by your boss -","font":{"style":"normal","weight":"normal","decoration":"none","size":15,"color":"#000000"}},"offset":{"x":175.33333333333334,"y":70.66666666666667},"foldChildren":false,"branchColor":"#37dd15","children":[{"id":"8ce18676-3c8b-4003-beb8-85f846dde457","parentId":"47bac34d-d455-4d3e-8d36-a86e8587219c","text":{"caption":"upload your changes to your branch of the big tree","font":{"style":"normal","weight":"normal","decoration":"none","size":15,"color":"#000000"}},"offset":{"x":201.33333333333334,"y":-69.33333333333333},"foldChildren":false,"branchColor":"#37dd15","children":[]},{"id":"58964d88-e7bd-4f71-82e6-bb9b2c8d6969","parentId":"47bac34d-d455-4d3e-8d36-a86e8587219c","text":{"caption":"and if u have permission to change the master - its a security risk","font":{"style":"normal","weight":"normal","decoration":"none","size":15,"color":"#000000"}},"offset":{"x":248.66666666666666,"y":73.33333333333333},"foldChildren":false,"branchColor":"#37dd15","children":[]}]}]}]}]}]}]},{"id":"f6c5a07e-ea01-4084-9416-d91757ac84d4","parentId":"a0198607-f6ae-4ec1-9a5a-3f2784dcfe3b","text":{"caption":"create+switchto a new branch: (feature_x)\ngit checkout -b feature_x_for_my_boss_that_works_on_the_develop_branch","font":{"style":"normal","weight":"normal","decoration":"none","size":15,"color":"#000000"}},"offset":{"x":-173,"y":-25},"foldChildren":false,"branchColor":"#37dd15","children":[{"id":"b72083cd-75f1-47a4-9164-a3069bb753fb","parentId":"f6c5a07e-ea01-4084-9416-d91757ac84d4","text":{"caption":"undo:\ngit checkout -d feature_x","font":{"style":"normal","weight":"normal","decoration":"none","size":15,"color":"#000000"}},"offset":{"x":-266,"y":-13.5625},"foldChildren":false,"branchColor":"#37dd15","children":[]},{"id":"70ecbd40-836e-4aa5-a3ba-d555d5730415","parentId":"f6c5a07e-ea01-4084-9416-d91757ac84d4","text":{"caption":"git push origin <feature_x>","font":{"style":"normal","weight":"normal","decoration":"none","size":15,"color":"#000000"}},"offset":{"x":-185.6,"y":120.8},"foldChildren":false,"branchColor":"#37dd15","children":[]}]}]},{"id":"deb81786-d294-4e0f-b639-02e48baa9a7d","parentId":"47109a61-7caf-4787-95f2-cb176da42f44","text":{"caption":"Story","font":{"style":"normal","weight":"normal","decoration":"none","size":15,"color":"#000000"}},"offset":{"x":111.2,"y":244.8},"foldChildren":false,"branchColor":"#940de4","children":[{"id":"d2b3018f-422d-4924-b29d-592fc977922f","parentId":"deb81786-d294-4e0f-b639-02e48baa9a7d","text":{"caption":"stagine area:\n\nchanges doesnt effect the repo","font":{"style":"normal","weight":"normal","decoration":"none","size":15,"color":"#000000"}},"offset":{"x":120.8,"y":-47.2},"foldChildren":false,"branchColor":"#940de4","children":[{"id":"845b0204-087a-49ad-b1d2-b85ae210c113","parentId":"d2b3018f-422d-4924-b29d-592fc977922f","text":{"caption":"2.\nchanging some file/dir","font":{"style":"normal","weight":"normal","decoration":"none","size":15,"color":"#000000"}},"offset":{"x":157.6,"y":-68.8},"foldChildren":false,"branchColor":"#940de4","children":[]},{"id":"87ce5af1-b1c0-4b86-a635-8bb8da494803","parentId":"d2b3018f-422d-4924-b29d-592fc977922f","text":{"caption":"1.\nwe start with an empty repo","font":{"style":"normal","weight":"normal","decoration":"none","size":15,"color":"#000000"}},"offset":{"x":161.0625,"y":101.58333333333333},"foldChildren":false,"branchColor":"#940de4","children":[]},{"id":"01f490ec-2159-4ed2-b2fb-52caf8a86ef0","parentId":"d2b3018f-422d-4924-b29d-592fc977922f","text":{"caption":"3.\nundo some changes","font":{"style":"normal","weight":"normal","decoration":"none","size":15,"color":"#000000"}},"offset":{"x":169.58333333333334,"y":-130.91666666666666},"foldChildren":false,"branchColor":"#940de4","children":[]},{"id":"e79545fe-e2f8-4d6f-b97e-086a86dccb68","parentId":"d2b3018f-422d-4924-b29d-592fc977922f","text":{"caption":"4\nmeging to another branch","font":{"style":"normal","weight":"normal","decoration":"none","size":15,"color":"#000000"}},"offset":{"x":148,"y":-213.33333333333334},"foldChildren":false,"branchColor":"#940de4","children":[]}]}]},{"id":"577ccf94-75ea-4b80-ad59-45f6d8c16d45","parentId":"47109a61-7caf-4787-95f2-cb176da42f44","text":{"caption":"morning","font":{"style":"normal","weight":"normal","decoration":"none","size":15,"color":"#000000"}},"offset":{"x":58.4,"y":410.4},"foldChildren":false,"branchColor":"#0a3b27","children":[{"id":"0be84f54-d89f-4451-afb4-9456a1f572e4","parentId":"577ccf94-75ea-4b80-ad59-45f6d8c16d45","text":{"caption":"our boss  check for any changes done remotely before starting his daily job:","font":{"style":"normal","weight":"normal","decoration":"none","size":15,"color":"#000000"}},"offset":{"x":115.2,"y":67.2},"foldChildren":false,"branchColor":"#0a3b27","children":[{"id":"3c82c8e1-aae6-44ad-b716-e5a79d52e88e","parentId":"0be84f54-d89f-4451-afb4-9456a1f572e4","text":{"caption":"git merge","font":{"style":"normal","weight":"normal","decoration":"none","size":15,"color":"#000000"}},"offset":{"x":230.4,"y":157.6},"foldChildren":false,"branchColor":"#0a3b27","children":[{"id":"22085d80-4a0f-4cbd-b3fd-90bd07a3fb6f","parentId":"3c82c8e1-aae6-44ad-b716-e5a79d52e88e","text":{"caption":"scenario:\nmerge-conflict","font":{"style":"normal","weight":"normal","decoration":"none","size":15,"color":"#000000"}},"offset":{"x":68.8,"y":89.6},"foldChildren":false,"branchColor":"#0a3b27","children":[{"id":"38c2e31a-f54f-402e-bfa6-cb6455c0cc27","parentId":"22085d80-4a0f-4cbd-b3fd-90bd07a3fb6f","text":{"caption":"Assume:\nuser A + user B made changes to the same file -  in different repos","font":{"style":"normal","weight":"normal","decoration":"none","size":15,"color":"#000000"}},"offset":{"x":138.4,"y":90.4},"foldChildren":false,"branchColor":"#0a3b27","children":[{"id":"11e3946d-b6e2-4937-b546-e5c6558a1672","parentId":"38c2e31a-f54f-402e-bfa6-cb6455c0cc27","text":{"caption":"our boss pull  both branches to his develop branch - and face a conflict:\nwhich lines he want to keep to his branch ?","font":{"style":"normal","weight":"normal","decoration":"none","size":15,"color":"#000000"}},"offset":{"x":204,"y":41.6},"foldChildren":false,"branchColor":"#0a3b27","children":[{"id":"fdf865b6-1417-4063-8bdc-4037e31513c7","parentId":"11e3946d-b6e2-4937-b546-e5c6558a1672","text":{"caption":"git will ask and our boss will choose manualy","font":{"style":"normal","weight":"normal","decoration":"none","size":15,"color":"#000000"}},"offset":{"x":216,"y":64},"foldChildren":false,"branchColor":"#0a3b27","children":[{"id":"5ebc9fc1-286b-4bb1-a006-93e6e86d214e","parentId":"fdf865b6-1417-4063-8bdc-4037e31513c7","text":{"caption":"he will edit a file which has all the combinations and he will delete lines to reject them from merging","font":{"style":"normal","weight":"normal","decoration":"none","size":15,"color":"#000000"}},"offset":{"x":183.2,"y":95.2},"foldChildren":false,"branchColor":"#0a3b27","children":[]}]}]}]}]}]},{"id":"3993a537-e38b-416e-a2df-a66bd7fda046","parentId":"0be84f54-d89f-4451-afb4-9456a1f572e4","text":{"caption":"our boss does:\ngit checkout develop\ngit pull ( = : git fetch + git merge)","font":{"style":"normal","weight":"normal","decoration":"none","size":15,"color":"#000000"}},"offset":{"x":186,"y":31.796875},"foldChildren":false,"branchColor":"#0a3b27","children":[]}]}]},{"id":"ada5dcf3-f4f9-46a7-8c6b-6af3b40cd4c9","parentId":"47109a61-7caf-4787-95f2-cb176da42f44","text":{"caption":"inspection","font":{"style":"normal","weight":"normal","decoration":"none","size":15,"color":"#000000"}},"offset":{"x":-520,"y":139},"foldChildren":false,"branchColor":"#10026b","children":[{"id":"3b238ad4-0d3c-407c-8e35-fb56580436d0","parentId":"ada5dcf3-f4f9-46a7-8c6b-6af3b40cd4c9","text":{"caption":"your boss will look what his emploies produced","font":{"style":"normal","weight":"normal","decoration":"none","size":15,"color":"#000000"}},"offset":{"x":-205,"y":-58},"foldChildren":false,"branchColor":"#10026b","children":[{"id":"1bb87eb1-6091-4e50-bffe-90f0a09f2233","parentId":"3b238ad4-0d3c-407c-8e35-fb56580436d0","text":{"caption":"git log","font":{"style":"normal","weight":"normal","decoration":"none","size":15,"color":"#000000"}},"offset":{"x":-148,"y":-30},"foldChildren":false,"branchColor":"#10026b","children":[{"id":"4a6acab0-586e-4175-ac95-448a9376b8ac","parentId":"1bb87eb1-6091-4e50-bffe-90f0a09f2233","text":{"caption":"git log --graph --oneline --decorate --all","font":{"style":"normal","weight":"normal","decoration":"none","size":15,"color":"#000000"}},"offset":{"x":-502.6666666666667,"y":-265.3333333333333},"foldChildren":false,"branchColor":"#10026b","children":[{"id":"8dc124c7-c819-433c-bea6-9ff1f5aafb69","parentId":"4a6acab0-586e-4175-ac95-448a9376b8ac","text":{"caption":"New Idea","font":{"style":"normal","weight":"normal","decoration":"none","size":15,"color":"#000000"}},"offset":{"x":-76,"y":-114.66666666666667},"foldChildren":false,"branchColor":"#10026b","children":[]}]},{"id":"e2f69c9e-51a1-4975-9187-424a10bb15f9","parentId":"1bb87eb1-6091-4e50-bffe-90f0a09f2233","text":{"caption":"git log --author=this_useless_programmer","font":{"style":"normal","weight":"normal","decoration":"none","size":15,"color":"#000000"}},"offset":{"x":-142.66666666666666,"y":-366.6666666666667},"foldChildren":false,"branchColor":"#10026b","children":[{"id":"5fcd78c5-3b2a-4b23-bc86-4b3b48812cef","parentId":"e2f69c9e-51a1-4975-9187-424a10bb15f9","text":{"caption":"you may want to change his mind by working more with :\ngit tag","font":{"style":"normal","weight":"normal","decoration":"none","size":15,"color":"#000000"}},"offset":{"x":-105.33333333333333,"y":-126.66666666666667},"foldChildren":false,"branchColor":"#10026b","children":[]}]},{"id":"186d98af-bdba-427f-8ab7-9d2a166f14b0","parentId":"1bb87eb1-6091-4e50-bffe-90f0a09f2233","text":{"caption":"show only changed files","font":{"style":"normal","weight":"normal","decoration":"none","size":15,"color":"#000000"}},"offset":{"x":-322.6666666666667,"y":-308},"foldChildren":false,"branchColor":"#10026b","children":[{"id":"7e3d3c6f-cf1d-452c-9c91-ee9ddb765cfd","parentId":"186d98af-bdba-427f-8ab7-9d2a166f14b0","text":{"caption":"git log --name-status","font":{"style":"normal","weight":"normal","decoration":"none","size":15,"color":"#000000"}},"offset":{"x":-228,"y":-125.33333333333333},"foldChildren":false,"branchColor":"#10026b","children":[]}]}]},{"id":"045103ee-7898-4cbb-906a-a0f09e5637e5","parentId":"3b238ad4-0d3c-407c-8e35-fb56580436d0","text":{"caption":"it is better for you \nto be presented in the log files by tagging your commits","font":{"style":"normal","weight":"normal","decoration":"none","size":15,"color":"#000000"}},"offset":{"x":-181,"y":104},"foldChildren":false,"branchColor":"#10026b","children":[{"id":"34ece9a5-05dd-4729-8da8-906875550daf","parentId":"045103ee-7898-4cbb-906a-a0f09e5637e5","text":{"caption":"git tag $name $id","font":{"style":"normal","weight":"normal","decoration":"none","size":15,"color":"#000000"}},"offset":{"x":-248,"y":82.66666666666667},"foldChildren":false,"branchColor":"#10026b","children":[]},{"id":"88933966-13d6-4eca-9c70-a79a00d0773b","parentId":"045103ee-7898-4cbb-906a-a0f09e5637e5","text":{"caption":"git tag 1.0.0 $commit_id","font":{"style":"normal","weight":"normal","decoration":"none","size":15,"color":"#000000"}},"offset":{"x":-252,"y":-2.6666666666666665},"foldChildren":false,"branchColor":"#10026b","children":[{"id":"955b5b1e-1e0d-4e5e-a380-a940c365dafc","parentId":"88933966-13d6-4eca-9c70-a79a00d0773b","text":{"caption":"commi id example: 1b2e1d63ff","font":{"style":"normal","weight":"normal","decoration":"none","size":15,"color":"#000000"}},"offset":{"x":-210.66666666666666,"y":-189.33333333333334},"foldChildren":false,"branchColor":"#10026b","children":[{"id":"cbb24244-5806-4ac9-9e8a-0c72393edb3f","parentId":"955b5b1e-1e0d-4e5e-a380-a940c365dafc","text":{"caption":"?\nwhat is my commit id ?\ncheck in the log!\ngit log...","font":{"style":"normal","weight":"normal","decoration":"none","size":15,"color":"#000000"}},"offset":{"x":-129.33333333333334,"y":-85.33333333333333},"foldChildren":false,"branchColor":"#10026b","children":[]}]},{"id":"031c08c6-f7b5-4336-8083-68fd4a3521a0","parentId":"88933966-13d6-4eca-9c70-a79a00d0773b","text":{"caption":"tag may be a version number of more descriptive","font":{"style":"normal","weight":"normal","decoration":"none","size":15,"color":"#000000"}},"offset":{"x":-202.66666666666666,"y":-93.33333333333333},"foldChildren":false,"branchColor":"#10026b","children":[]}]}]}]}]},{"id":"b0f7c752-f14a-41e7-b521-a3edb91e649a","parentId":"47109a61-7caf-4787-95f2-cb176da42f44","text":{"caption":"SOS/oops\n- undo!!!","font":{"style":"normal","weight":"normal","decoration":"none","size":15,"color":"#000000"}},"offset":{"x":-187,"y":-597},"foldChildren":false,"branchColor":"#b65c53","children":[{"id":"247eca9b-5127-4251-a31e-78594a3e2ce1","parentId":"b0f7c752-f14a-41e7-b521-a3edb91e649a","text":{"caption":"repacing local changes with code from X","font":{"style":"normal","weight":"normal","decoration":"none","size":15,"color":"#000000"}},"offset":{"x":-221.328125,"y":-97.65625},"foldChildren":false,"branchColor":"#b65c53","children":[{"id":"87ec9180-60fe-4ab9-a2a1-e9d8f4c7d826","parentId":"247eca9b-5127-4251-a31e-78594a3e2ce1","text":{"caption":"code from  :\nHEAD (3rd level)","font":{"style":"normal","weight":"normal","decoration":"none","size":15,"color":"#000000"}},"offset":{"x":-204,"y":-76},"foldChildren":false,"branchColor":"#b65c53","children":[{"id":"717b288a-a8c6-4d4d-88ca-68790c4668c3","parentId":"87ec9180-60fe-4ab9-a2a1-e9d8f4c7d826","text":{"caption":"New Idea","font":{"style":"normal","weight":"normal","decoration":"none","size":15,"color":"#000000"}},"offset":{"x":-153.33333333333334,"y":-66.66666666666667},"foldChildren":false,"branchColor":"#b65c53","children":[]}]}]},{"id":"e30da7d6-ca5f-4815-bbb2-607895e2e214","parentId":"b0f7c752-f14a-41e7-b521-a3edb91e649a","text":{"caption":"And If I made no progress","font":{"style":"normal","weight":"normal","decoration":"none","size":15,"color":"#000000"}},"offset":{"x":-142.66666666666666,"y":80},"foldChildren":false,"branchColor":"#b65c53","children":[{"id":"f79a6a68-719c-476b-9d49-214415dcd99b","parentId":"e30da7d6-ca5f-4815-bbb2-607895e2e214","text":{"caption":"I only wants to grab my Boss'es code (branch develp) and start from scratch?","font":{"style":"normal","weight":"normal","decoration":"none","size":15,"color":"#000000"}},"offset":{"x":-132,"y":-28},"foldChildren":false,"branchColor":"#b65c53","children":[{"id":"cbde003e-736a-4752-a4d8-c56da4993389","parentId":"f79a6a68-719c-476b-9d49-214415dcd99b","text":{"caption":"git fetch origin\ngit reset --hard origin/develop","font":{"style":"normal","weight":"normal","decoration":"none","size":15,"color":"#000000"}},"offset":{"x":-192,"y":-56},"foldChildren":false,"branchColor":"#b65c53","children":[]}]}]},{"id":"a5d38ffa-c70f-4847-baed-f0ceec42c6c0","parentId":"b0f7c752-f14a-41e7-b521-a3edb91e649a","text":{"caption":"oops too many branchs","font":{"style":"normal","weight":"normal","decoration":"none","size":15,"color":"#000000"}},"offset":{"x":-216,"y":-212},"foldChildren":false,"branchColor":"#b65c53","children":[{"id":"0b683b48-5cbb-45e2-859e-c7d4527c131c","parentId":"a5d38ffa-c70f-4847-baed-f0ceec42c6c0","text":{"caption":"what the differents ?","font":{"style":"normal","weight":"normal","decoration":"none","size":15,"color":"#000000"}},"offset":{"x":-98,"y":-38},"foldChildren":false,"branchColor":"#b65c53","children":[{"id":"d98888da-ad60-4ab2-ae4b-5e14fc2c37e8","parentId":"0b683b48-5cbb-45e2-859e-c7d4527c131c","text":{"caption":"git diff branch_a branch_B","font":{"style":"normal","weight":"normal","decoration":"none","size":15,"color":"#000000"}},"offset":{"x":-158,"y":-70},"foldChildren":false,"branchColor":"#b65c53","children":[]}]}]}]},{"id":"7149ffe1-ab17-43ba-b1f2-39b818caacac","parentId":"47109a61-7caf-4787-95f2-cb176da42f44","text":{"caption":"hints","font":{"style":"normal","weight":"normal","decoration":"none","size":15,"color":"#000000"}},"offset":{"x":46.666666666666664,"y":-678.6666666666666},"foldChildren":false,"branchColor":"#31cf2a","children":[{"id":"5c6ed792-1f12-4131-8b9d-dc52820eedf9","parentId":"7149ffe1-ab17-43ba-b1f2-39b818caacac","text":{"caption":"built-in git GUI\ngitk\nuse colorful git output\ngit config color.ui true\nshow log on just one line per commit\ngit config format.pretty oneline\nuse interactive adding\ngit add -i","font":{"style":"normal","weight":"normal","decoration":"none","size":15,"color":"#000000"}},"offset":{"x":150.66666666666666,"y":-197.33333333333334},"foldChildren":false,"branchColor":"#31cf2a","children":[]},{"id":"6cf68bf8-ecb4-4871-8459-ff513376d918","parentId":"7149ffe1-ab17-43ba-b1f2-39b818caacac","text":{"caption":"http://alternativeto.net/software/gitx/","font":{"style":"normal","weight":"normal","decoration":"none","size":15,"color":"#000000"}},"offset":{"x":198.328125,"y":-266.671875},"foldChildren":false,"branchColor":"#31cf2a","children":[{"id":"04d34062-c104-4079-bae1-818391b982c9","parentId":"6cf68bf8-ecb4-4871-8459-ff513376d918","text":{"caption":"best Score","font":{"style":"normal","weight":"normal","decoration":"none","size":15,"color":"#000000"}},"offset":{"x":243,"y":4},"foldChildren":false,"branchColor":"#31cf2a","children":[{"id":"afa12b3d-342d-44df-8ce1-9621f84e1fb4","parentId":"04d34062-c104-4079-bae1-818391b982c9","text":{"caption":"http://alternativeto.net/software/smartgit/","font":{"style":"normal","weight":"normal","decoration":"none","size":15,"color":"#000000"}},"offset":{"x":130,"y":32},"foldChildren":false,"branchColor":"#31cf2a","children":[]}]}]}]}]}},"dates":{"created":1400070217676,"modified":1400079001358},"dimensions":{"x":4000,"y":2000},"autosave":true}