{"id":"2c90f52e-81ca-4a51-8d62-b858c372b418","title":"git glossary","mindmap":{"root":{"id":"8180f753-026f-4844-99ae-cb58120778fd","parentId":null,"text":{"caption":"git glossary","font":{"style":"normal","weight":"bold","decoration":"none","size":20,"color":"#000000"}},"offset":{"x":0,"y":0},"foldChildren":false,"branchColor":"#000000","children":[{"id":"e882ce85-bbec-4229-8084-633350cf3225","parentId":"8180f753-026f-4844-99ae-cb58120778fd","text":{"caption":"undo a commit","font":{"style":"normal","weight":"normal","decoration":"none","size":15,"color":"#000000"}},"offset":{"x":-212.26041666666666,"y":-78.66666666666667},"foldChildren":false,"branchColor":"#535e5d","children":[{"id":"9101c0ca-3c1f-4928-b4f2-a87128389f44","parentId":"e882ce85-bbec-4229-8084-633350cf3225","text":{"caption":"delete snapshot  from index","font":{"style":"normal","weight":"normal","decoration":"none","size":15,"color":"#000000"}},"offset":{"x":-229.59375,"y":44.53125},"foldChildren":false,"branchColor":"#535e5d","children":[]},{"id":"25fdabaa-749b-4840-95b7-eaa83818e986","parentId":"e882ce85-bbec-4229-8084-633350cf3225","text":{"caption":"assume:\n commit not yet part of history","font":{"style":"normal","weight":"normal","decoration":"none","size":15,"color":"#000000"}},"offset":{"x":-181.33333333333334,"y":-82},"foldChildren":false,"branchColor":"#535e5d","children":[]}]},{"id":"df80cd57-8084-484b-87fd-cfb9d421e040","parentId":"8180f753-026f-4844-99ae-cb58120778fd","text":{"caption":"git add VS git commit","font":{"style":"normal","weight":"normal","decoration":"none","size":15,"color":"#000000"}},"offset":{"x":94,"y":-73},"foldChildren":false,"branchColor":"#903ae0","children":[{"id":"d9c38c09-2967-4313-a1bd-39387497cc0a","parentId":"df80cd57-8084-484b-87fd-cfb9d421e040","text":{"caption":"changes are not actually recorded until you run git commit.","font":{"style":"normal","weight":"normal","decoration":"none","size":15,"color":"#000000"}},"offset":{"x":242,"y":-115},"foldChildren":false,"branchColor":"#903ae0","children":[]},{"id":"5653b644-40e8-4ded-9c62-ccb81ebcf757","parentId":"df80cd57-8084-484b-87fd-cfb9d421e040","text":{"caption":"The git add","font":{"style":"normal","weight":"normal","decoration":"none","size":15,"color":"#000000"}},"offset":{"x":273,"y":40},"foldChildren":false,"branchColor":"#903ae0","children":[{"id":"c9541b05-c917-4364-99c6-498c8f63fe7b","parentId":"5653b644-40e8-4ded-9c62-ccb81ebcf757","text":{"caption":"command adds a change in the working directory to the staging area.","font":{"style":"normal","weight":"normal","decoration":"none","size":15,"color":"#000000"}},"offset":{"x":176,"y":77},"foldChildren":false,"branchColor":"#903ae0","children":[]}]}]},{"id":"efd67c32-3249-43e1-be74-fe079bea0b6b","parentId":"8180f753-026f-4844-99ae-cb58120778fd","text":{"caption":"A snapshot","font":{"style":"normal","weight":"normal","decoration":"none","size":15,"color":"#000000"}},"offset":{"x":-470.65625,"y":68.65625},"foldChildren":false,"branchColor":"#278810","children":[{"id":"7c89cddf-6f54-492f-95bf-e42148c12bbf","parentId":"efd67c32-3249-43e1-be74-fe079bea0b6b","text":{"caption":"assosiation","font":{"style":"normal","weight":"normal","decoration":"none","size":15,"color":"#000000"}},"offset":{"x":-96,"y":118},"foldChildren":false,"branchColor":"#278810","children":[{"id":"0d497b85-9872-4b49-9583-bf82f04ca6d2","parentId":"7c89cddf-6f54-492f-95bf-e42148c12bbf","text":{"caption":"like in a family picture","font":{"style":"normal","weight":"normal","decoration":"none","size":15,"color":"#000000"}},"offset":{"x":-141,"y":66},"foldChildren":false,"branchColor":"#278810","children":[{"id":"3310ba3e-dac1-481f-b81b-9744c19d79ba","parentId":"0d497b85-9872-4b49-9583-bf82f04ca6d2","text":{"caption":"the photographer instruct the people to group together for taking only 1 picture","font":{"style":"normal","weight":"normal","decoration":"none","size":15,"color":"#000000"}},"offset":{"x":-133,"y":56},"foldChildren":false,"branchColor":"#278810","children":[{"id":"1ce7fc3e-a77a-443d-9952-1e2088d521a9","parentId":"3310ba3e-dac1-481f-b81b-9744c19d79ba","text":{"caption":"git add personA\ngit add personB","font":{"style":"normal","weight":"normal","decoration":"none","size":15,"color":"#000000"}},"offset":{"x":-158.6,"y":5.2},"foldChildren":false,"branchColor":"#278810","children":[{"id":"70a96bbe-db0b-47b5-be7f-cced0c7f8776","parentId":"1ce7fc3e-a77a-443d-9952-1e2088d521a9","text":{"caption":"forming a group of changes","font":{"style":"normal","weight":"normal","decoration":"none","size":15,"color":"#000000"}},"offset":{"x":-167.72916666666666,"y":-57.333333333333336},"foldChildren":false,"branchColor":"#278810","children":[]}]},{"id":"6ebadd68-7d2b-4e4b-8ce1-6fa2c9cc071a","parentId":"3310ba3e-dac1-481f-b81b-9744c19d79ba","text":{"caption":"git commit","font":{"style":"normal","weight":"normal","decoration":"none","size":15,"color":"#000000"}},"offset":{"x":-159.33333333333334,"y":102},"foldChildren":false,"branchColor":"#278810","children":[{"id":"11368903-a5d0-4202-b1ba-99211ccf4663","parentId":"6ebadd68-7d2b-4e4b-8ce1-6fa2c9cc071a","text":{"caption":"take a picture of the group- AKA the snapshot","font":{"style":"normal","weight":"normal","decoration":"none","size":15,"color":"#000000"}},"offset":{"x":-179.33333333333334,"y":-70.66666666666667},"foldChildren":false,"branchColor":"#278810","children":[]}]}]}]}]}]},{"id":"4fef97be-f619-410f-8b42-e1b4788303fa","parentId":"8180f753-026f-4844-99ae-cb58120778fd","text":{"caption":"staging","font":{"style":"normal","weight":"normal","decoration":"none","size":15,"color":"#000000"}},"offset":{"x":50,"y":182.66666666666666},"foldChildren":false,"branchColor":"#a7fea6","children":[{"id":"df210693-34e1-4709-acac-c61010fb1074","parentId":"4fef97be-f619-410f-8b42-e1b4788303fa","text":{"caption":"it’s important to create atomic commits","font":{"style":"normal","weight":"normal","decoration":"none","size":15,"color":"#000000"}},"offset":{"x":100,"y":99.33333333333333},"foldChildren":false,"branchColor":"#a7fea6","children":[{"id":"1a2db3b7-6719-4ccc-9d7d-498bbbf0d9e3","parentId":"df210693-34e1-4709-acac-c61010fb1074","text":{"caption":"so that it’s easy to track down bugs","font":{"style":"normal","weight":"normal","decoration":"none","size":15,"color":"#000000"}},"offset":{"x":184,"y":130},"foldChildren":false,"branchColor":"#a7fea6","children":[]},{"id":"4cc9cb92-e769-4950-974b-903a2c9594f1","parentId":"df210693-34e1-4709-acac-c61010fb1074","text":{"caption":"and revert changes with minimal impact on the rest of the project.","font":{"style":"normal","weight":"normal","decoration":"none","size":15,"color":"#000000"}},"offset":{"x":210.66666666666666,"y":8},"foldChildren":false,"branchColor":"#a7fea6","children":[]},{"id":"dada1f8b-4e8f-4824-a505-f7d2d5bd89b1","parentId":"df210693-34e1-4709-acac-c61010fb1074","text":{"caption":"git commit","font":{"style":"normal","weight":"normal","decoration":"none","size":15,"color":"#000000"}},"offset":{"x":154.66666666666666,"y":269.3333333333333},"foldChildren":false,"branchColor":"#a7fea6","children":[{"id":"ed41f38b-5894-4139-9e7a-c16536af558d","parentId":"dada1f8b-4e8f-4824-a505-f7d2d5bd89b1","text":{"caption":"convention","font":{"style":"normal","weight":"normal","decoration":"none","size":15,"color":"#000000"}},"offset":{"x":143.42857142857142,"y":97.71428571428571},"foldChildren":false,"branchColor":"#a7fea6","children":[{"id":"858c7431-a44f-40e0-af53-c0feb078688c","parentId":"ed41f38b-5894-4139-9e7a-c16536af558d","text":{"caption":"git commit #will open an editor","font":{"style":"normal","weight":"normal","decoration":"none","size":15,"color":"#000000"}},"offset":{"x":109.14285714285714,"y":69.71428571428571},"foldChildren":false,"branchColor":"#a7fea6","children":[{"id":"462ccd2a-5b31-4197-9ebc-89763641d1dd","parentId":"858c7431-a44f-40e0-af53-c0feb078688c","text":{"caption":"Change the message displayed by hello.py","font":{"style":"normal","weight":"normal","decoration":"none","size":15,"color":"#000000"}},"offset":{"x":241.71428571428572,"y":14.285714285714286},"foldChildren":false,"branchColor":"#a7fea6","children":[]},{"id":"9ce879a5-412d-49b8-802e-c71c0133e3b5","parentId":"858c7431-a44f-40e0-af53-c0feb078688c","text":{"caption":"Note that many developers also like to use present tense in their commit messages. This makes them read more like actions on the repository, which makes many of the history-rewriting operations more intuitive.","font":{"style":"normal","weight":"normal","decoration":"none","size":15,"color":"#000000"}},"offset":{"x":128.5,"y":124},"foldChildren":false,"branchColor":"#a7fea6","children":[{"id":"11e4dc62-1395-40a2-a03e-e31beed8ed26","parentId":"9ce879a5-412d-49b8-802e-c71c0133e3b5","text":{"caption":"then empty line and then lines with tenses:\n- Update the sayHello() function to output the user's name\n- Change the sayGoodbye() function to a friendlier message","font":{"style":"normal","weight":"normal","decoration":"none","size":15,"color":"#000000"}},"offset":{"x":218,"y":96.5},"foldChildren":false,"branchColor":"#a7fea6","children":[]}]}]}]}]}]},{"id":"b1fea5eb-8570-4c52-86d0-b0ee0d9e4df4","parentId":"4fef97be-f619-410f-8b42-e1b4788303fa","text":{"caption":"Instead of committing all of the changes you've made since the last commit,","font":{"style":"normal","weight":"normal","decoration":"none","size":15,"color":"#000000"}},"offset":{"x":212.66666666666666,"y":-62.666666666666664},"foldChildren":false,"branchColor":"#a7fea6","children":[{"id":"68df3513-96ea-43d3-997c-38f3fb89ff4c","parentId":"b1fea5eb-8570-4c52-86d0-b0ee0d9e4df4","text":{"caption":"the stage lets you group related changes into highly focused snapshots before actually committing it to the project history.","font":{"style":"normal","weight":"normal","decoration":"none","size":15,"color":"#000000"}},"offset":{"x":183.33333333333334,"y":-9.333333333333334},"foldChildren":false,"branchColor":"#a7fea6","children":[]}]}]},{"id":"c59f0b18-8026-4327-9b7c-39904916b45e","parentId":"8180f753-026f-4844-99ae-cb58120778fd","text":{"caption":"git status","font":{"style":"normal","weight":"normal","decoration":"none","size":15,"color":"#000000"}},"offset":{"x":-74,"y":-208},"foldChildren":false,"branchColor":"#63e6a2","children":[{"id":"9424d41f-1e68-4a33-a7c1-9237c95a9303","parentId":"c59f0b18-8026-4327-9b7c-39904916b45e","text":{"caption":"It simply shows you what's been going on with git add and git commit.","font":{"style":"normal","weight":"normal","decoration":"none","size":15,"color":"#000000"}},"offset":{"x":-167,"y":-145},"foldChildren":false,"branchColor":"#63e6a2","children":[]}]},{"id":"7698c9c4-15a3-468e-93ae-1cb0a1d8cf3a","parentId":"8180f753-026f-4844-99ae-cb58120778fd","text":{"caption":"git merge)","font":{"style":"normal","weight":"normal","decoration":"none","size":15,"color":"#000000"}},"offset":{"x":117,"y":-280},"foldChildren":false,"branchColor":"#059c73","children":[{"id":"1c158eb0-1b9f-4830-96e6-e5ec4759a011","parentId":"7698c9c4-15a3-468e-93ae-1cb0a1d8cf3a","text":{"caption":"require the working directory to be clean so that you don't accidentally overwrite changes.","font":{"style":"normal","weight":"normal","decoration":"none","size":15,"color":"#000000"}},"offset":{"x":115,"y":-68},"foldChildren":false,"branchColor":"#059c73","children":[]}]}]}},"dates":{"created":1400433767071,"modified":1400438372696},"dimensions":{"x":4000,"y":2000},"autosave":true}