{"id":"f5f3ee7d-5bfc-4fcd-9555-d6756b38fe0b","title":"git undo","mindmap":{"root":{"id":"4292b92e-e916-43b2-adbd-26d407e383aa","parentId":null,"text":{"caption":"git undo","font":{"style":"normal","weight":"bold","decoration":"none","size":20,"color":"#000000"}},"offset":{"x":0,"y":0},"foldChildren":false,"branchColor":"#000000","children":[{"id":"1c491762-f185-49aa-b5ac-4ef427270a17","parentId":"4292b92e-e916-43b2-adbd-26d407e383aa","text":{"caption":"undo change to a file in working dir","font":{"style":"normal","weight":"normal","decoration":"none","size":15,"color":"#000000"}},"offset":{"x":-177,"y":-159},"foldChildren":false,"branchColor":"#a4601b","children":[{"id":"7ec57ce2-f963-4f6c-b689-d2ef88963767","parentId":"1c491762-f185-49aa-b5ac-4ef427270a17","text":{"caption":"1 file","font":{"style":"normal","weight":"normal","decoration":"none","size":15,"color":"#000000"}},"offset":{"x":-131,"y":94},"foldChildren":false,"branchColor":"#a4601b","children":[{"id":"3782f194-cafd-43d5-a0d2-dcb856f0a732","parentId":"7ec57ce2-f963-4f6c-b689-d2ef88963767","text":{"caption":"git checkout -- foo.txt","font":{"style":"normal","weight":"normal","decoration":"none","size":15,"color":"#000000"}},"offset":{"x":-477,"y":-190},"foldChildren":false,"branchColor":"#a4601b","children":[{"id":"657d3802-79ca-482c-92f7-8285462d4921","parentId":"3782f194-cafd-43d5-a0d2-dcb856f0a732","text":{"caption":"recover stage 1 by a stage 3 copy","font":{"style":"normal","weight":"normal","decoration":"none","size":15,"color":"#000000"}},"offset":{"x":-182,"y":-128},"foldChildren":false,"branchColor":"#a4601b","children":[]}]},{"id":"0ddaeb7b-29a2-46a8-b12f-23929c910a98","parentId":"7ec57ce2-f963-4f6c-b689-d2ef88963767","text":{"caption":"SAFEST\ni may want to get back to current file later - safly stash it","font":{"style":"normal","weight":"normal","decoration":"none","size":15,"color":"#000000"}},"offset":{"x":-296,"y":-372},"foldChildren":false,"branchColor":"#a4601b","children":[{"id":"e9f03301-d81c-4e7b-9a29-0957a1c335e0","parentId":"0ddaeb7b-29a2-46a8-b12f-23929c910a98","text":{"caption":"Another quicker way is:\n\ngit stash save --keep-index","font":{"style":"normal","weight":"normal","decoration":"none","size":15,"color":"#000000"}},"offset":{"x":-232,"y":-100},"foldChildren":false,"branchColor":"#a4601b","children":[{"id":"63b356ac-52a7-4e33-842e-713fd112b665","parentId":"e9f03301-d81c-4e7b-9a29-0957a1c335e0","text":{"caption":"After that, you can drop that stash with a git stash drop command if you like.","font":{"style":"normal","weight":"normal","decoration":"none","size":15,"color":"#000000"}},"offset":{"x":-132,"y":-110},"foldChildren":false,"branchColor":"#a4601b","children":[]}]}]},{"id":"a182b0b8-9ebb-471f-aee7-b677c668eb99","parentId":"7ec57ce2-f963-4f6c-b689-d2ef88963767","text":{"caption":"git clean -df \ngit clean removes all untracked files","font":{"style":"normal","weight":"normal","decoration":"none","size":15,"color":"#000000"}},"offset":{"x":-450,"y":-78},"foldChildren":false,"branchColor":"#a4601b","children":[]}]},{"id":"14f12537-ae07-478c-b31f-b1445f456177","parentId":"1c491762-f185-49aa-b5ac-4ef427270a17","text":{"caption":"discard file in working tree BUT use file from stage to over write it","font":{"style":"normal","weight":"normal","decoration":"none","size":15,"color":"#000000"}},"offset":{"x":-155,"y":-214},"foldChildren":false,"branchColor":"#a4601b","children":[]},{"id":"0ace8db6-b009-4fe7-b8c9-c6ee4189ea32","parentId":"1c491762-f185-49aa-b5ac-4ef427270a17","text":{"caption":"overriding also the stage/index","font":{"style":"normal","weight":"normal","decoration":"none","size":15,"color":"#000000"}},"offset":{"x":-24,"y":-329},"foldChildren":false,"branchColor":"#a4601b","children":[{"id":"911c5822-4ea7-45d3-ae47-280a8d028594","parentId":"0ace8db6-b009-4fe7-b8c9-c6ee4189ea32","text":{"caption":"git reset --hard HEAD","font":{"style":"normal","weight":"normal","decoration":"none","size":15,"color":"#000000"}},"offset":{"x":-142,"y":-150},"foldChildren":false,"branchColor":"#a4601b","children":[]},{"id":"9abc8aa5-f4b9-41c8-9f92-7f794f1efe7b","parentId":"0ace8db6-b009-4fe7-b8c9-c6ee4189ea32","text":{"caption":"git diff | git apply --reverse","font":{"style":"normal","weight":"normal","decoration":"none","size":15,"color":"#000000"}},"offset":{"x":-218,"y":-97},"foldChildren":false,"branchColor":"#a4601b","children":[]}]}]},{"id":"a8f8ca58-2be1-44a2-a292-31604529873c","parentId":"4292b92e-e916-43b2-adbd-26d407e383aa","text":{"caption":"url","font":{"style":"normal","weight":"normal","decoration":"none","size":15,"color":"#000000"}},"offset":{"x":89,"y":-36},"foldChildren":false,"branchColor":"#d02aae","children":[{"id":"0e39e5b6-979e-4105-89e9-a273cad3b765","parentId":"a8f8ca58-2be1-44a2-a292-31604529873c","text":{"caption":"http://stackoverflow.com/questions/52704/how-do-you-discard-unstaged-changes-in-git","font":{"style":"normal","weight":"normal","decoration":"none","size":15,"color":"#000000"}},"offset":{"x":143,"y":9},"foldChildren":false,"branchColor":"#d02aae","children":[]}]}]}},"dates":{"created":1400081325116,"modified":1400085090880},"dimensions":{"x":4000,"y":2000},"autosave":true}