{"id":"a06084a0-2253-4183-8240-62ccfa0e42aa","title":"gitflow -   \na winning branching model","mindmap":{"root":{"id":"746b7929-6658-4c2c-8938-bcdad97a9940","parentId":null,"text":{"caption":"gitflow -   \na winning branching model","font":{"style":"normal","weight":"bold","decoration":"none","size":20,"color":"#000000"}},"offset":{"x":0,"y":0},"foldChildren":false,"branchColor":"#000000","children":[{"id":"60bdc6ad-91a5-40f2-be08-51e9ccc3884c","parentId":"746b7929-6658-4c2c-8938-bcdad97a9940","text":{"caption":"upgrading the master release","font":{"style":"normal","weight":"normal","decoration":"none","size":15,"color":"#000000"}},"offset":{"x":-203,"y":126},"foldChildren":false,"branchColor":"#66b9fa","children":[{"id":"baaffd9c-cadb-47be-ac76-483af554fc27","parentId":"60bdc6ad-91a5-40f2-be08-51e9ccc3884c","text":{"caption":"step1 - update","font":{"style":"normal","weight":"normal","decoration":"none","size":15,"color":"#000000"}},"offset":{"x":-169.8,"y":-53},"foldChildren":false,"branchColor":"#66b9fa","children":[{"id":"100756e5-a0a3-4db5-9e32-729e333fe12a","parentId":"baaffd9c-cadb-47be-ac76-483af554fc27","text":{"caption":"git checkout -b release-0.1 develop","font":{"style":"normal","weight":"normal","decoration":"none","size":15,"color":"#000000"}},"offset":{"x":-169,"y":-56},"foldChildren":false,"branchColor":"#66b9fa","children":[]}]},{"id":"18505652-d226-48b5-865d-1bfa5212939c","parentId":"60bdc6ad-91a5-40f2-be08-51e9ccc3884c","text":{"caption":"step3 - merge","font":{"style":"normal","weight":"normal","decoration":"none","size":15,"color":"#000000"}},"offset":{"x":-132.6,"y":161.6},"foldChildren":false,"branchColor":"#66b9fa","children":[{"id":"eda94641-3815-490e-95ce-65f325dceb0f","parentId":"18505652-d226-48b5-865d-1bfa5212939c","text":{"caption":"git checkout master\ngit merge release-0.1\ngit push\ngit checkout develop\ngit merge release-0.1\ngit push\ngit branch -d release-0.1","font":{"style":"normal","weight":"normal","decoration":"none","size":15,"color":"#000000"}},"offset":{"x":-236.2,"y":-23.2},"foldChildren":false,"branchColor":"#66b9fa","children":[]}]},{"id":"1969fb39-e43a-4e66-b0ee-cb16a1c58d60","parentId":"60bdc6ad-91a5-40f2-be08-51e9ccc3884c","text":{"caption":"step2 - tagging","font":{"style":"normal","weight":"normal","decoration":"none","size":15,"color":"#000000"}},"offset":{"x":-193.6,"y":36},"foldChildren":false,"branchColor":"#66b9fa","children":[{"id":"8fd4c776-4243-415c-8d76-3a849f9f4714","parentId":"1969fb39-e43a-4e66-b0ee-cb16a1c58d60","text":{"caption":"git tag -a 0.1 -m \"Initial public release\" master\ngit push --tags","font":{"style":"normal","weight":"normal","decoration":"none","size":15,"color":"#000000"}},"offset":{"x":-224.8,"y":-43.2},"foldChildren":false,"branchColor":"#66b9fa","children":[]}]}]},{"id":"8c16fa1d-f332-4144-ae97-98ba91fb60bc","parentId":"746b7929-6658-4c2c-8938-bcdad97a9940","text":{"caption":"rational","font":{"style":"normal","weight":"normal","decoration":"none","size":15,"color":"#000000"}},"offset":{"x":167,"y":-199},"foldChildren":false,"branchColor":"#b9b4a3","children":[{"id":"0a592650-8d4a-4762-99de-e9b9d704e1a0","parentId":"8c16fa1d-f332-4144-ae97-98ba91fb60bc","text":{"caption":"step2","font":{"style":"normal","weight":"normal","decoration":"none","size":15,"color":"#000000"}},"offset":{"x":160,"y":-70},"foldChildren":false,"branchColor":"#b9b4a3","children":[{"id":"ad1a84df-32a4-45ae-b8a4-ee8a858585ba","parentId":"0a592650-8d4a-4762-99de-e9b9d704e1a0","text":{"caption":"git checkout -b develop origin/develop","font":{"style":"normal","weight":"normal","decoration":"none","size":15,"color":"#000000"}},"offset":{"x":324,"y":-9},"foldChildren":false,"branchColor":"#b9b4a3","children":[]},{"id":"fc8274ef-3ce1-4f67-b92f-43cc13387d23","parentId":"0a592650-8d4a-4762-99de-e9b9d704e1a0","text":{"caption":"each user clone the develop branch","font":{"style":"normal","weight":"normal","decoration":"none","size":15,"color":"#000000"}},"offset":{"x":295,"y":-72},"foldChildren":false,"branchColor":"#b9b4a3","children":[]}]},{"id":"3ad851a4-a599-4eae-811d-a575b41aff6c","parentId":"8c16fa1d-f332-4144-ae97-98ba91fb60bc","text":{"caption":"step1","font":{"style":"normal","weight":"normal","decoration":"none","size":15,"color":"#000000"}},"offset":{"x":138,"y":98},"foldChildren":false,"branchColor":"#b9b4a3","children":[{"id":"01181dcc-d005-4757-9dec-cbadb9090cb3","parentId":"3ad851a4-a599-4eae-811d-a575b41aff6c","text":{"caption":"git branch develop\ngit push -u origin develop","font":{"style":"normal","weight":"normal","decoration":"none","size":15,"color":"#000000"}},"offset":{"x":99,"y":80},"foldChildren":false,"branchColor":"#b9b4a3","children":[]},{"id":"aa897c20-191a-4515-bd93-015509dc7e39","parentId":"3ad851a4-a599-4eae-811d-a575b41aff6c","text":{"caption":"admin","font":{"style":"normal","weight":"normal","decoration":"none","size":15,"color":"#000000"}},"offset":{"x":125,"y":-54},"foldChildren":false,"branchColor":"#b9b4a3","children":[{"id":"eccb2d09-1307-439a-82ad-1566e2197e2e","parentId":"aa897c20-191a-4515-bd93-015509dc7e39","text":{"caption":"1\ncreate a repo with master branch empty","font":{"style":"normal","weight":"normal","decoration":"none","size":15,"color":"#000000"}},"offset":{"x":165,"y":-42},"foldChildren":false,"branchColor":"#b9b4a3","children":[]},{"id":"ca28e5bc-973c-4f12-9d38-da7d43a9af10","parentId":"aa897c20-191a-4515-bd93-015509dc7e39","text":{"caption":"2\nstart an empty develop branch and push it to origin/develop","font":{"style":"normal","weight":"normal","decoration":"none","size":15,"color":"#000000"}},"offset":{"x":182,"y":50},"foldChildren":false,"branchColor":"#b9b4a3","children":[]}]}]},{"id":"0bccb3f6-2127-431b-894e-532472f19c39","parentId":"8c16fa1d-f332-4144-ae97-98ba91fb60bc","text":{"caption":"step3","font":{"style":"normal","weight":"normal","decoration":"none","size":15,"color":"#000000"}},"offset":{"x":160,"y":-142},"foldChildren":false,"branchColor":"#b9b4a3","children":[{"id":"26604814-03e9-4ac5-b7d0-eb29f51718f2","parentId":"0bccb3f6-2127-431b-894e-532472f19c39","text":{"caption":"adding my feature","font":{"style":"normal","weight":"normal","decoration":"none","size":15,"color":"#000000"}},"offset":{"x":179,"y":-129},"foldChildren":false,"branchColor":"#b9b4a3","children":[{"id":"94bed735-06fd-4c78-b9f2-c465b94ad275","parentId":"26604814-03e9-4ac5-b7d0-eb29f51718f2","text":{"caption":"step2","font":{"style":"normal","weight":"normal","decoration":"none","size":15,"color":"#000000"}},"offset":{"x":225,"y":17},"foldChildren":false,"branchColor":"#b9b4a3","children":[{"id":"a02ef2b0-48be-4691-9fee-d64a743866a6","parentId":"94bed735-06fd-4c78-b9f2-c465b94ad275","text":{"caption":"git pull origin develop\ngit checkout develop\ngit merge some-feature","font":{"style":"normal","weight":"normal","decoration":"none","size":15,"color":"#000000"}},"offset":{"x":198,"y":189},"foldChildren":false,"branchColor":"#b9b4a3","children":[{"id":"75e45866-9d86-4103-b15a-1a8bdd0d07cd","parentId":"a02ef2b0-48be-4691-9fee-d64a743866a6","text":{"caption":"cleanup","font":{"style":"normal","weight":"normal","decoration":"none","size":15,"color":"#000000"}},"offset":{"x":235,"y":71},"foldChildren":false,"branchColor":"#b9b4a3","children":[{"id":"8b1f00bb-a2f6-4ea8-81bc-2000a4e1f6c4","parentId":"75e45866-9d86-4103-b15a-1a8bdd0d07cd","text":{"caption":"git push\ngit branch -d some-feature","font":{"style":"normal","weight":"normal","decoration":"none","size":15,"color":"#000000"}},"offset":{"x":136,"y":78},"foldChildren":false,"branchColor":"#b9b4a3","children":[]}]}]}]},{"id":"4ba66b83-9046-4ff8-b217-fc9e26f1b887","parentId":"26604814-03e9-4ac5-b7d0-eb29f51718f2","text":{"caption":"step1","font":{"style":"normal","weight":"normal","decoration":"none","size":15,"color":"#000000"}},"offset":{"x":241,"y":-48},"foldChildren":false,"branchColor":"#b9b4a3","children":[{"id":"7eea5f91-66fe-4c3b-b3de-e26a352db72e","parentId":"4ba66b83-9046-4ff8-b217-fc9e26f1b887","text":{"caption":"git checkout -b some-feature develop\n\nBoth of them add commits to the feature branch in the usual fashion: edit, stage, commit:\n\ngit status\ngit add <some-file>\ngit commit","font":{"style":"normal","weight":"normal","decoration":"none","size":15,"color":"#000000"}},"offset":{"x":155,"y":-47},"foldChildren":false,"branchColor":"#b9b4a3","children":[]}]},{"id":"2006c155-ff54-40f6-a484-11efb7be9eff","parentId":"26604814-03e9-4ac5-b7d0-eb29f51718f2","text":{"caption":"RULE","font":{"style":"normal","weight":"normal","decoration":"none","size":15,"color":"#000000"}},"offset":{"x":239,"y":-95},"foldChildren":false,"branchColor":"#b9b4a3","children":[{"id":"56dc34d4-5e2d-4b73-95ea-107f283ba71b","parentId":"2006c155-ff54-40f6-a484-11efb7be9eff","text":{"caption":"NOTICE","font":{"style":"normal","weight":"normal","decoration":"none","size":15,"color":"#000000"}},"offset":{"x":173,"y":-75},"foldChildren":false,"branchColor":"#b9b4a3","children":[{"id":"6403d345-cd00-4f15-a99f-2533aa0aa64e","parentId":"56dc34d4-5e2d-4b73-95ea-107f283ba71b","text":{"caption":"updating locally the develop branch from origin/develop","font":{"style":"normal","weight":"normal","decoration":"none","size":15,"color":"#000000"}},"offset":{"x":190,"y":40},"foldChildren":false,"branchColor":"#b9b4a3","children":[{"id":"f2bc7a6b-4a2e-4663-a71f-56cc9146c17f","parentId":"6403d345-cd00-4f15-a99f-2533aa0aa64e","text":{"caption":"only then - merging","font":{"style":"normal","weight":"normal","decoration":"none","size":15,"color":"#000000"}},"offset":{"x":228,"y":78},"foldChildren":false,"branchColor":"#b9b4a3","children":[]}]},{"id":"a3391094-e375-4222-bc4e-4818f6a6bdcb","parentId":"56dc34d4-5e2d-4b73-95ea-107f283ba71b","text":{"caption":"minimal syntax","font":{"style":"normal","weight":"normal","decoration":"none","size":15,"color":"#000000"}},"offset":{"x":205.6,"y":-40},"foldChildren":false,"branchColor":"#b9b4a3","children":[{"id":"91783443-0264-4389-a8e7-f819576836b6","parentId":"a3391094-e375-4222-bc4e-4818f6a6bdcb","text":{"caption":"no need of git rebase","font":{"style":"normal","weight":"normal","decoration":"none","size":15,"color":"#000000"}},"offset":{"x":230.4,"y":-59.2},"foldChildren":false,"branchColor":"#b9b4a3","children":[]}]}]}]}]}]}]},{"id":"bbd8d070-2aeb-441d-882a-63abcf78c764","parentId":"746b7929-6658-4c2c-8938-bcdad97a9940","text":{"caption":"url","font":{"style":"normal","weight":"normal","decoration":"none","size":15,"color":"#000000"}},"offset":{"x":188,"y":175},"foldChildren":false,"branchColor":"#ad5dd4","children":[{"id":"f93af711-fcdf-4855-b65a-df10e12d3ec2","parentId":"bbd8d070-2aeb-441d-882a-63abcf78c764","text":{"caption":"https://www.atlassian.com/git/workflows","font":{"style":"normal","weight":"normal","decoration":"none","size":15,"color":"#000000"}},"offset":{"x":101,"y":93},"foldChildren":false,"branchColor":"#ad5dd4","children":[]},{"id":"bcc7805f-8178-4c5e-ab68-474759388286","parentId":"bbd8d070-2aeb-441d-882a-63abcf78c764","text":{"caption":"next","font":{"style":"normal","weight":"normal","decoration":"none","size":15,"color":"#000000"}},"offset":{"x":114.4,"y":-28},"foldChildren":false,"branchColor":"#ad5dd4","children":[{"id":"cefc8fec-e586-4f94-9dcf-3c2509fe9913","parentId":"bcc7805f-8178-4c5e-ab68-474759388286","text":{"caption":"https://www.atlassian.com/git/workflows#!workflow-forking","font":{"style":"normal","weight":"normal","decoration":"none","size":15,"color":"#000000"}},"offset":{"x":103.2,"y":60.8},"foldChildren":false,"branchColor":"#ad5dd4","children":[]}]}]},{"id":"bac5ffb6-a9d6-41d0-b836-8e6d8436a88d","parentId":"746b7929-6658-4c2c-8938-bcdad97a9940","text":{"caption":"terms","font":{"style":"normal","weight":"normal","decoration":"none","size":15,"color":"#000000"}},"offset":{"x":-210,"y":-191},"foldChildren":false,"branchColor":"#e82ab4","children":[{"id":"9d1d55c7-27c6-4aab-b7ed-3190999c86dd","parentId":"bac5ffb6-a9d6-41d0-b836-8e6d8436a88d","text":{"caption":"Common conventions:\n\nbranch off: develop\nmerge into: master\nnaming convention: release-* or release/*","font":{"style":"normal","weight":"normal","decoration":"none","size":15,"color":"#000000"}},"offset":{"x":-227,"y":51},"foldChildren":false,"branchColor":"#e82ab4","children":[]},{"id":"383d1b73-b621-48e2-8500-508297914359","parentId":"bac5ffb6-a9d6-41d0-b836-8e6d8436a88d","text":{"caption":"feature development (develop) and public releases (master).","font":{"style":"normal","weight":"normal","decoration":"none","size":15,"color":"#000000"}},"offset":{"x":-182,"y":-45},"foldChildren":false,"branchColor":"#e82ab4","children":[]}]},{"id":"78e03ec5-1c9b-4716-b2c1-77832bb7b7cf","parentId":"746b7929-6658-4c2c-8938-bcdad97a9940","text":{"caption":"howto","font":{"style":"normal","weight":"normal","decoration":"none","size":15,"color":"#000000"}},"offset":{"x":-99,"y":-277},"foldChildren":false,"branchColor":"#e1cd6a","children":[{"id":"0c04d367-8565-4564-91a0-ab5c33d3de56","parentId":"78e03ec5-1c9b-4716-b2c1-77832bb7b7cf","text":{"caption":"avoid from pulluting branch develop ?","font":{"style":"normal","weight":"normal","decoration":"none","size":15,"color":"#000000"}},"offset":{"x":-243,"y":-130},"foldChildren":false,"branchColor":"#e1cd6a","children":[]}]},{"id":"45d0861c-861c-4a83-bd12-86362bae734f","parentId":"746b7929-6658-4c2c-8938-bcdad97a9940","text":{"caption":"hotfix","font":{"style":"normal","weight":"normal","decoration":"none","size":15,"color":"#000000"}},"offset":{"x":-103.2,"y":363.2},"foldChildren":false,"branchColor":"#004cfd","children":[{"id":"62a1417d-bf77-4fb4-8c8b-b4566b06f283","parentId":"45d0861c-861c-4a83-bd12-86362bae734f","text":{"caption":"when","font":{"style":"normal","weight":"normal","decoration":"none","size":15,"color":"#000000"}},"offset":{"x":-101.6,"y":66.4},"foldChildren":false,"branchColor":"#004cfd","children":[{"id":"d727396c-09f1-48b7-ba58-b6036afbe695","parentId":"62a1417d-bf77-4fb4-8c8b-b4566b06f283","text":{"caption":"an end user report an issue","font":{"style":"normal","weight":"normal","decoration":"none","size":15,"color":"#000000"}},"offset":{"x":-184,"y":63.2},"foldChildren":false,"branchColor":"#004cfd","children":[]}]},{"id":"3a3924b2-69e2-4a9a-b557-84e84443ea71","parentId":"45d0861c-861c-4a83-bd12-86362bae734f","text":{"caption":"how","font":{"style":"normal","weight":"normal","decoration":"none","size":15,"color":"#000000"}},"offset":{"x":-83.2,"y":146.4},"foldChildren":false,"branchColor":"#004cfd","children":[{"id":"ec3ca8fe-d125-4136-b710-b56de5e92f75","parentId":"3a3924b2-69e2-4a9a-b557-84e84443ea71","text":{"caption":"git checkout -b issue-#001 master\n# Fix the bug\ngit checkout master\ngit merge issue-#001\ngit push","font":{"style":"normal","weight":"normal","decoration":"none","size":15,"color":"#000000"}},"offset":{"x":-240,"y":91.2},"foldChildren":false,"branchColor":"#004cfd","children":[]},{"id":"0f14a2c4-df4f-4f7d-869a-7dd7543d8e18","parentId":"3a3924b2-69e2-4a9a-b557-84e84443ea71","text":{"caption":"the hotfix will  be based on branch develop","font":{"style":"normal","weight":"normal","decoration":"none","size":15,"color":"#000000"}},"offset":{"x":-168.8,"y":240.8},"foldChildren":false,"branchColor":"#004cfd","children":[]},{"id":"9df2395f-d759-463d-a1af-c0429f02220c","parentId":"3a3924b2-69e2-4a9a-b557-84e84443ea71","text":{"caption":"when done the fixing - the feature will be pushed - also to the master branch","font":{"style":"normal","weight":"normal","decoration":"none","size":15,"color":"#000000"}},"offset":{"x":-133.6,"y":316.8},"foldChildren":false,"branchColor":"#004cfd","children":[]}]}]}]}},"dates":{"created":1400414811943,"modified":1400432256031},"dimensions":{"x":4000,"y":2000},"autosave":true}