{"id":"34fe9bce-1b50-401a-8d35-273b8af36f4b","title":"gitflow\n1\noverview before using the gitflow branching model","mindmap":{"root":{"id":"caf49b2e-34f1-4449-a1d0-5fdca25e6496","parentId":null,"text":{"caption":"gitflow\n1\noverview before using the gitflow branching model","font":{"style":"normal","weight":"bold","decoration":"none","size":20,"color":"#000000"}},"offset":{"x":0,"y":0},"foldChildren":false,"branchColor":"#000000","children":[{"id":"2619410e-164b-4aa9-8529-d39a3594732e","parentId":"caf49b2e-34f1-4449-a1d0-5fdca25e6496","text":{"caption":"Centralized Workflow","font":{"style":"normal","weight":"normal","decoration":"none","size":15,"color":"#000000"}},"offset":{"x":-214,"y":-120},"foldChildren":false,"branchColor":"#fb20ca","children":[{"id":"f0d3493d-33d1-496b-8788-3a28627f9dae","parentId":"2619410e-164b-4aa9-8529-d39a3594732e","text":{"caption":"goal","font":{"style":"normal","weight":"normal","decoration":"none","size":15,"color":"#000000"}},"offset":{"x":-158.4,"y":-88.8},"foldChildren":false,"branchColor":"#fb20ca","children":[{"id":"e408c98a-df60-4f18-9ea4-e3222588610f","parentId":"f0d3493d-33d1-496b-8788-3a28627f9dae","text":{"caption":"John and Mary, can work on separate features and share their contributions via a centralized repository.","font":{"style":"normal","weight":"normal","decoration":"none","size":15,"color":"#000000"}},"offset":{"x":-220,"y":-132},"foldChildren":false,"branchColor":"#fb20ca","children":[]}]},{"id":"edea5cf9-1e58-42a1-99a6-25b687c7843b","parentId":"2619410e-164b-4aa9-8529-d39a3594732e","text":{"caption":"creating the central repo","font":{"style":"normal","weight":"normal","decoration":"none","size":15,"color":"#000000"}},"offset":{"x":-196.8,"y":-16},"foldChildren":false,"branchColor":"#fb20ca","children":[{"id":"b16a5e8c-82b4-448f-94d7-4eb748099c12","parentId":"edea5cf9-1e58-42a1-99a6-25b687c7843b","text":{"caption":"Someone initializes the central repository","font":{"style":"normal","weight":"normal","decoration":"none","size":15,"color":"#000000"}},"offset":{"x":-250.4,"y":-30.4},"foldChildren":false,"branchColor":"#fb20ca","children":[]}]},{"id":"b970688b-6dd7-4b27-ace1-4f7fd8c57370","parentId":"2619410e-164b-4aa9-8529-d39a3594732e","text":{"caption":"rule","font":{"style":"normal","weight":"normal","decoration":"none","size":15,"color":"#000000"}},"offset":{"x":-129.6,"y":80.8},"foldChildren":false,"branchColor":"#fb20ca","children":[{"id":"c84dc627-e151-4986-9ac0-21ff8266df21","parentId":"b970688b-6dd7-4b27-ace1-4f7fd8c57370","text":{"caption":"Central repositories should always be bare repositories (they shouldn’t have a working directory), which can be created as follows:","font":{"style":"normal","weight":"normal","decoration":"none","size":15,"color":"#000000"}},"offset":{"x":-339.2,"y":-36.8},"foldChildren":false,"branchColor":"#fb20ca","children":[]}]}]},{"id":"fad2b811-459f-470c-8e4f-80eb321dd56b","parentId":"caf49b2e-34f1-4449-a1d0-5fdca25e6496","text":{"caption":"url","font":{"style":"normal","weight":"normal","decoration":"none","size":15,"color":"#000000"}},"offset":{"x":203,"y":153},"foldChildren":false,"branchColor":"#212100","children":[{"id":"3a13c7a6-b6c1-4665-a73b-1d5d5790990e","parentId":"fad2b811-459f-470c-8e4f-80eb321dd56b","text":{"caption":"https://www.atlassian.com/git/workflows","font":{"style":"normal","weight":"normal","decoration":"none","size":15,"color":"#000000"}},"offset":{"x":133.6,"y":60},"foldChildren":false,"branchColor":"#212100","children":[]}]},{"id":"137ebe54-b253-4f1d-83ff-28580ba771c0","parentId":"caf49b2e-34f1-4449-a1d0-5fdca25e6496","text":{"caption":"scenario","font":{"style":"normal","weight":"normal","decoration":"none","size":15,"color":"#000000"}},"offset":{"x":-136.8,"y":149.6},"foldChildren":false,"branchColor":"#8650e0","children":[{"id":"b149e731-25e0-45e6-9fa7-a24090a5484d","parentId":"137ebe54-b253-4f1d-83ff-28580ba771c0","text":{"caption":"git with no branching","font":{"style":"normal","weight":"normal","decoration":"none","size":15,"color":"#000000"}},"offset":{"x":-145.6,"y":55.2},"foldChildren":false,"branchColor":"#8650e0","children":[{"id":"e397a615-b0c2-4536-8304-ddf1421322c1","parentId":"b149e731-25e0-45e6-9fa7-a24090a5484d","text":{"caption":"assume:\na server with a bare repo","font":{"style":"normal","weight":"normal","decoration":"none","size":15,"color":"#000000"}},"offset":{"x":-176.8,"y":72.8},"foldChildren":false,"branchColor":"#8650e0","children":[{"id":"0b438290-db4e-4ba5-bb82-89119eb4318e","parentId":"e397a615-b0c2-4536-8304-ddf1421322c1","text":{"caption":"person A and B clone the remote repo to their local drive","font":{"style":"normal","weight":"normal","decoration":"none","size":15,"color":"#000000"}},"offset":{"x":-80.8,"y":110.4},"foldChildren":false,"branchColor":"#8650e0","children":[{"id":"dbd55a7d-a112-460a-a9f0-22b4ccdc15b2","parentId":"0b438290-db4e-4ba5-bb82-89119eb4318e","text":{"caption":"person A push his code to the remote repo - but person B already push his commit.","font":{"style":"normal","weight":"normal","decoration":"none","size":15,"color":"#000000"}},"offset":{"x":-181.6,"y":140},"foldChildren":false,"branchColor":"#8650e0","children":[{"id":"73c8d0cc-bb1a-4685-bf42-69b2fb45be3e","parentId":"dbd55a7d-a112-460a-a9f0-22b4ccdc15b2","text":{"caption":"person A need to rebase his changes upon the latest central repo","font":{"style":"normal","weight":"normal","decoration":"none","size":15,"color":"#000000"}},"offset":{"x":-120,"y":152.8},"foldChildren":false,"branchColor":"#8650e0","children":[{"id":"512b0949-05f1-4989-8b6c-fa785cfdef04","parentId":"73c8d0cc-bb1a-4685-bf42-69b2fb45be3e","text":{"caption":"git pull --rebase origin master","font":{"style":"normal","weight":"normal","decoration":"none","size":15,"color":"#000000"}},"offset":{"x":-184,"y":128},"foldChildren":false,"branchColor":"#8650e0","children":[{"id":"d04fe2c3-6c62-450f-82b8-b5854695cf56","parentId":"512b0949-05f1-4989-8b6c-fa785cfdef04","text":{"caption":"The --rebase option tells Git to move all of Mary’s commits to the tip of the master branch after synchronising it with the changes from the central repository","font":{"style":"normal","weight":"normal","decoration":"none","size":15,"color":"#000000"}},"offset":{"x":-301.6,"y":-28},"foldChildren":false,"branchColor":"#8650e0","children":[]},{"id":"31f71213-19bb-4836-ba7e-f25dd938737f","parentId":"512b0949-05f1-4989-8b6c-fa785cfdef04","text":{"caption":"it’s always better to rebase instead of generating a merge commit.","font":{"style":"normal","weight":"normal","decoration":"none","size":15,"color":"#000000"}},"offset":{"x":-281.6,"y":-98.4},"foldChildren":false,"branchColor":"#8650e0","children":[]},{"id":"c1e9912f-7b86-4a00-ad0f-970bd994656b","parentId":"512b0949-05f1-4989-8b6c-fa785cfdef04","text":{"caption":"re-writing history ?","font":{"style":"normal","weight":"normal","decoration":"none","size":15,"color":"#000000"}},"offset":{"x":-202.4,"y":-188},"foldChildren":false,"branchColor":"#8650e0","children":[{"id":"c6eb14da-05d6-4208-a0c5-15e37427b147","parentId":"c1e9912f-7b86-4a00-ad0f-970bd994656b","text":{"caption":"rebase vs merge","font":{"style":"normal","weight":"normal","decoration":"none","size":15,"color":"#000000"}},"offset":{"x":-126.4,"y":-32.8},"foldChildren":false,"branchColor":"#8650e0","children":[{"id":"53cca39d-7e90-4b3f-987d-e45a23b96f67","parentId":"c6eb14da-05d6-4208-a0c5-15e37427b147","text":{"caption":"if we merge - we will override the changes done by person B","font":{"style":"normal","weight":"normal","decoration":"none","size":15,"color":"#000000"}},"offset":{"x":-195.2,"y":55.2},"foldChildren":false,"branchColor":"#8650e0","children":[]},{"id":"6ba8650b-d1e5-4fe9-a388-7308ce1d8d3e","parentId":"c6eb14da-05d6-4208-a0c5-15e37427b147","text":{"caption":"it is better to rebase our commit upon the branch we stand on - but only after pulling the latest changes","font":{"style":"normal","weight":"normal","decoration":"none","size":15,"color":"#000000"}},"offset":{"x":-192.8,"y":-109.6},"foldChildren":false,"branchColor":"#8650e0","children":[{"id":"437ea310-5cc7-429e-98a5-7c71166a0497","parentId":"6ba8650b-d1e5-4fe9-a388-7308ce1d8d3e","text":{"caption":"assosiation","font":{"style":"normal","weight":"normal","decoration":"none","size":15,"color":"#000000"}},"offset":{"x":-105.6,"y":18.4},"foldChildren":false,"branchColor":"#8650e0","children":[{"id":"37599ed5-d26f-416b-a3d5-a7ccd89ce0f4","parentId":"437ea310-5cc7-429e-98a5-7c71166a0497","text":{"caption":"while we works on growing a leaf - the branch itself grew - and we prefer that our leaf will pop out from the grown up branch","font":{"style":"normal","weight":"normal","decoration":"none","size":15,"color":"#000000"}},"offset":{"x":-252,"y":51.2},"foldChildren":false,"branchColor":"#8650e0","children":[{"id":"c03da38d-3c50-479b-97bc-a56f16860a53","parentId":"37599ed5-d26f-416b-a3d5-a7ccd89ce0f4","text":{"caption":"d","font":{"style":"normal","weight":"normal","decoration":"none","size":15,"color":"#000000"}},"offset":{"x":-224,"y":75.2},"foldChildren":false,"branchColor":"#8650e0","children":[]}]}]}]}]}]},{"id":"1479ace7-57b4-4d76-a705-50cb1f80f55b","parentId":"512b0949-05f1-4989-8b6c-fa785cfdef04","text":{"caption":"git status will show the problem for our errored push request","font":{"style":"normal","weight":"normal","decoration":"none","size":15,"color":"#000000"}},"offset":{"x":-2.4,"y":171.2},"foldChildren":false,"branchColor":"#8650e0","children":[{"id":"296ab963-c889-473b-a6a6-1d1d06bc54fd","parentId":"1479ace7-57b4-4d76-a705-50cb1f80f55b","text":{"caption":"# Unmerged paths:","font":{"style":"normal","weight":"normal","decoration":"none","size":15,"color":"#000000"}},"offset":{"x":-182.4,"y":4.8},"foldChildren":false,"branchColor":"#8650e0","children":[{"id":"0aa119c5-91ff-4633-aa9a-f8ff67cee924","parentId":"296ab963-c889-473b-a6a6-1d1d06bc54fd","text":{"caption":"origin/master has been changed","font":{"style":"normal","weight":"normal","decoration":"none","size":15,"color":"#000000"}},"offset":{"x":-204,"y":-53.6},"foldChildren":false,"branchColor":"#8650e0","children":[]}]}]}]}]},{"id":"15aa39cd-433a-420d-ae2a-7b0c4ca09b31","parentId":"dbd55a7d-a112-460a-a9f0-22b4ccdc15b2","text":{"caption":"fail:\ngit push origin master","font":{"style":"normal","weight":"normal","decoration":"none","size":15,"color":"#000000"}},"offset":{"x":-144,"y":23.2},"foldChildren":false,"branchColor":"#8650e0","children":[{"id":"016c29fe-5402-4c65-9584-b9b689a4a1ba","parentId":"15aa39cd-433a-420d-ae2a-7b0c4ca09b31","text":{"caption":"Updates were rejected because the tip of your current branch is behind","font":{"style":"normal","weight":"normal","decoration":"none","size":15,"color":"#000000"}},"offset":{"x":-164,"y":41.6},"foldChildren":false,"branchColor":"#8650e0","children":[]}]}]},{"id":"78208a5b-baa0-4623-9fe5-88a3839ea36e","parentId":"0b438290-db4e-4ba5-bb82-89119eb4318e","text":{"caption":"local master VS origin/master","font":{"style":"normal","weight":"normal","decoration":"none","size":15,"color":"#000000"}},"offset":{"x":-176,"y":-28},"foldChildren":false,"branchColor":"#8650e0","children":[{"id":"5ff41c3a-16a2-4c0d-92f6-0acd5d1c4550","parentId":"78208a5b-baa0-4623-9fe5-88a3839ea36e","text":{"caption":"the origin/master is to be managed by the admin","font":{"style":"normal","weight":"normal","decoration":"none","size":15,"color":"#000000"}},"offset":{"x":-224.8,"y":-98.4},"foldChildren":false,"branchColor":"#8650e0","children":[]},{"id":"4c792c1c-659e-47cd-8749-dd04e966b8cf","parentId":"78208a5b-baa0-4623-9fe5-88a3839ea36e","text":{"caption":"the user should stay in sync with the origin before pushing his changes - aka NOT FORCING a git push request","font":{"style":"normal","weight":"normal","decoration":"none","size":15,"color":"#000000"}},"offset":{"x":-228,"y":33.6},"foldChildren":false,"branchColor":"#8650e0","children":[]}]}]}]}]}]},{"id":"b7ddc131-9cd4-4846-9cd6-c5e8c9b58d5a","parentId":"caf49b2e-34f1-4449-a1d0-5fdca25e6496","text":{"caption":"git rebase","font":{"style":"normal","weight":"normal","decoration":"none","size":15,"color":"#000000"}},"offset":{"x":109.6,"y":-80},"foldChildren":false,"branchColor":"#d82ae4","children":[{"id":"246138a0-9e6b-404c-b542-9c6147d09609","parentId":"b7ddc131-9cd4-4846-9cd6-c5e8c9b58d5a","text":{"caption":"git pull --rebase origin master","font":{"style":"normal","weight":"normal","decoration":"none","size":15,"color":"#000000"}},"offset":{"x":247.2,"y":-190.4},"foldChildren":false,"branchColor":"#d82ae4","children":[]},{"id":"7ca4dd3e-da2d-4a37-9aaa-ae59ec9a30e2","parentId":"b7ddc131-9cd4-4846-9cd6-c5e8c9b58d5a","text":{"caption":"undo the rebase","font":{"style":"normal","weight":"normal","decoration":"none","size":15,"color":"#000000"}},"offset":{"x":169.6,"y":169.6},"foldChildren":false,"branchColor":"#d82ae4","children":[{"id":"716d0c1c-732d-45d2-97f9-6db1b6e1653b","parentId":"7ca4dd3e-da2d-4a37-9aaa-ae59ec9a30e2","text":{"caption":"git rebase --abort","font":{"style":"normal","weight":"normal","decoration":"none","size":15,"color":"#000000"}},"offset":{"x":156,"y":51.2},"foldChildren":false,"branchColor":"#d82ae4","children":[]}]},{"id":"2be703d6-43e6-4499-92f0-1840aeea9e55","parentId":"b7ddc131-9cd4-4846-9cd6-c5e8c9b58d5a","text":{"caption":"solve conflict one by one","font":{"style":"normal","weight":"normal","decoration":"none","size":15,"color":"#000000"}},"offset":{"x":190.4,"y":-30.4},"foldChildren":false,"branchColor":"#d82ae4","children":[{"id":"5b40aaf8-7348-4593-b0e9-0d4c0f5d205b","parentId":"2be703d6-43e6-4499-92f0-1840aeea9e55","text":{"caption":"git add <some-file> \ngit rebase --continue","font":{"style":"normal","weight":"normal","decoration":"none","size":15,"color":"#000000"}},"offset":{"x":193.6,"y":-32.8},"foldChildren":false,"branchColor":"#d82ae4","children":[{"id":"7bce8574-5129-4def-862f-e0992b81210e","parentId":"5b40aaf8-7348-4593-b0e9-0d4c0f5d205b","text":{"caption":"when done - we will be able to push our commit while we stand on giant shoulders","font":{"style":"normal","weight":"normal","decoration":"none","size":15,"color":"#000000"}},"offset":{"x":252,"y":109.6},"foldChildren":false,"branchColor":"#d82ae4","children":[]}]}]}]},{"id":"2e64ba6a-713f-4637-ac58-b91a981963ea","parentId":"caf49b2e-34f1-4449-a1d0-5fdca25e6496","text":{"caption":"branching","font":{"style":"normal","weight":"normal","decoration":"none","size":15,"color":"#000000"}},"offset":{"x":96,"y":-238.4},"foldChildren":false,"branchColor":"#f659e6","children":[{"id":"b87c392f-c1d4-41db-bbd9-f580778c871a","parentId":"2e64ba6a-713f-4637-ac58-b91a981963ea","text":{"caption":"git checkout -b marys-feature master","font":{"style":"normal","weight":"normal","decoration":"none","size":15,"color":"#000000"}},"offset":{"x":135.2,"y":-168.8},"foldChildren":false,"branchColor":"#f659e6","children":[]},{"id":"f9792627-a6ab-49c9-8fd6-426705bbf76f","parentId":"2e64ba6a-713f-4637-ac58-b91a981963ea","text":{"caption":"git status\ngit add <some-file>\ngit commit","font":{"style":"normal","weight":"normal","decoration":"none","size":15,"color":"#000000"}},"offset":{"x":160.8,"y":-124},"foldChildren":false,"branchColor":"#f659e6","children":[]},{"id":"5a2dbe43-a7e6-4cbd-935a-58cd27294569","parentId":"2e64ba6a-713f-4637-ac58-b91a981963ea","text":{"caption":"git push","font":{"style":"normal","weight":"normal","decoration":"none","size":15,"color":"#000000"}},"offset":{"x":188.8,"y":-5.6},"foldChildren":false,"branchColor":"#f659e6","children":[]},{"id":"3351dd21-d5d2-4d90-9ffa-2cd2e9d7f376","parentId":"2e64ba6a-713f-4637-ac58-b91a981963ea","text":{"caption":"rational","font":{"style":"normal","weight":"normal","decoration":"none","size":15,"color":"#000000"}},"offset":{"x":436,"y":-133.6},"foldChildren":false,"branchColor":"#f659e6","children":[{"id":"dedeef7d-7af3-431f-867f-2aa4c27ab4cb","parentId":"3351dd21-d5d2-4d90-9ffa-2cd2e9d7f376","text":{"caption":"By isolating features into separate branches, everybody can work independently, yet it’s still trivial to share changes with other developers when necessary.","font":{"style":"normal","weight":"normal","decoration":"none","size":15,"color":"#000000"}},"offset":{"x":124,"y":-29.6},"foldChildren":false,"branchColor":"#f659e6","children":[]}]}]}]}},"dates":{"created":1400408413323,"modified":1400414717892},"dimensions":{"x":4000,"y":2000},"autosave":true}