{"id":"8cdd2c08-295d-49da-abab-e38bf69944a1","title":"bootstrapping arch linux","mindmap":{"root":{"id":"c5ae3c22-f796-42ad-a578-a38b65764213","parentId":null,"text":{"caption":"bootstrapping arch linux","font":{"style":"normal","weight":"bold","decoration":"none","size":20,"color":"#000000"}},"offset":{"x":0,"y":0},"foldChildren":false,"branchColor":"#000000","children":[{"id":"8c199362-d146-4870-b5a0-5f5a14c3edab","parentId":"c5ae3c22-f796-42ad-a578-a38b65764213","text":{"caption":"qemu","font":{"style":"normal","weight":"normal","decoration":"none","size":15,"color":"#000000"}},"offset":{"x":-238,"y":-110},"foldChildren":false,"branchColor":"#c8aeb4","children":[{"id":"db60aa0d-e3e6-4e94-b819-66f0578f7b09","parentId":"8c199362-d146-4870-b5a0-5f5a14c3edab","text":{"caption":"qemu-img arguments","font":{"style":"normal","weight":"normal","decoration":"none","size":15,"color":"#000000"}},"offset":{"x":-232,"y":-110},"foldChildren":false,"branchColor":"#c8aeb4","children":[{"id":"a2ee832b-0325-4d53-acaf-93386f228521","parentId":"db60aa0d-e3e6-4e94-b819-66f0578f7b09","text":{"caption":"file_size","font":{"style":"normal","weight":"normal","decoration":"none","size":15,"color":"#000000"}},"offset":{"x":-162,"y":-8},"foldChildren":false,"branchColor":"#c8aeb4","children":[{"id":"f10e6ccc-1e80-4d8e-bb27-c023e88e406b","parentId":"a2ee832b-0325-4d53-acaf-93386f228521","text":{"caption":"for testing arch linux","font":{"style":"normal","weight":"normal","decoration":"none","size":15,"color":"#000000"}},"offset":{"x":-130,"y":57},"foldChildren":false,"branchColor":"#c8aeb4","children":[{"id":"1eaf6a40-6c7d-4502-aa63-0730c4e44db5","parentId":"f10e6ccc-1e80-4d8e-bb27-c023e88e406b","text":{"caption":"8G","font":{"style":"normal","weight":"normal","decoration":"none","size":15,"color":"#000000"}},"offset":{"x":-93,"y":28},"foldChildren":false,"branchColor":"#c8aeb4","children":[]}]}]},{"id":"3076be35-4c5d-46f3-a5d2-5c43dd934c84","parentId":"db60aa0d-e3e6-4e94-b819-66f0578f7b09","text":{"caption":"name","font":{"style":"normal","weight":"normal","decoration":"none","size":15,"color":"#000000"}},"offset":{"x":-147,"y":66},"foldChildren":false,"branchColor":"#c8aeb4","children":[{"id":"1283a2d3-b415-4fe4-a45d-9e55021a7191","parentId":"3076be35-4c5d-46f3-a5d2-5c43dd934c84","text":{"caption":"for arch linux:","font":{"style":"normal","weight":"normal","decoration":"none","size":15,"color":"#000000"}},"offset":{"x":-119,"y":69},"foldChildren":false,"branchColor":"#c8aeb4","children":[{"id":"e066b426-7620-4947-9238-088ab7a45aaf","parentId":"1283a2d3-b415-4fe4-a45d-9e55021a7191","text":{"caption":"1_arc.raw","font":{"style":"normal","weight":"normal","decoration":"none","size":15,"color":"#000000"}},"offset":{"x":-79,"y":62},"foldChildren":false,"branchColor":"#c8aeb4","children":[]}]}]},{"id":"baf043e0-d9f4-4d34-985b-fc35c102069f","parentId":"db60aa0d-e3e6-4e94-b819-66f0578f7b09","text":{"caption":"file_type","font":{"style":"normal","weight":"normal","decoration":"none","size":15,"color":"#000000"}},"offset":{"x":-161,"y":-72},"foldChildren":false,"branchColor":"#c8aeb4","children":[{"id":"ec4b5faf-5e18-4320-b0ce-05118041f3ed","parentId":"baf043e0-d9f4-4d34-985b-fc35c102069f","text":{"caption":"vdi","font":{"style":"normal","weight":"normal","decoration":"none","size":15,"color":"#000000"}},"offset":{"x":-165,"y":2},"foldChildren":false,"branchColor":"#c8aeb4","children":[{"id":"e4c8144b-6d71-46a5-a9f9-42aabc49810a","parentId":"ec4b5faf-5e18-4320-b0ce-05118041f3ed","text":{"caption":"compatible with virtualbox","font":{"style":"normal","weight":"normal","decoration":"none","size":15,"color":"#000000"}},"offset":{"x":-166,"y":44},"foldChildren":false,"branchColor":"#c8aeb4","children":[]}]},{"id":"34c7a82b-ced2-424b-9835-7a43e40c59fe","parentId":"baf043e0-d9f4-4d34-985b-fc35c102069f","text":{"caption":"raw","font":{"style":"normal","weight":"normal","decoration":"none","size":15,"color":"#000000"}},"offset":{"x":-196,"y":-77},"foldChildren":false,"branchColor":"#c8aeb4","children":[{"id":"9946da60-d139-49f2-92ee-125e6eeec85f","parentId":"34c7a82b-ced2-424b-9835-7a43e40c59fe","text":{"caption":"portable","font":{"style":"normal","weight":"normal","decoration":"none","size":15,"color":"#000000"}},"offset":{"x":-102,"y":63},"foldChildren":false,"branchColor":"#c8aeb4","children":[]},{"id":"2a6c55d8-9795-4499-8857-dda8fbd83b09","parentId":"34c7a82b-ced2-424b-9835-7a43e40c59fe","text":{"caption":"support sparse files rather than \nfixed size file","font":{"style":"normal","weight":"normal","decoration":"none","size":15,"color":"#000000"}},"offset":{"x":-161,"y":-43},"foldChildren":false,"branchColor":"#c8aeb4","children":[]}]}]}]},{"id":"94780fb1-1729-4673-800b-eebbde6a08ab","parentId":"8c199362-d146-4870-b5a0-5f5a14c3edab","text":{"caption":"our command","font":{"style":"normal","weight":"normal","decoration":"none","size":15,"color":"#000000"}},"offset":{"x":-273,"y":267},"foldChildren":false,"branchColor":"#c8aeb4","children":[{"id":"da83ec39-e303-45ce-837a-5468d709a4c8","parentId":"94780fb1-1729-4673-800b-eebbde6a08ab","text":{"caption":"input","font":{"style":"normal","weight":"normal","decoration":"none","size":15,"color":"#000000"}},"offset":{"x":-157,"y":-52},"foldChildren":false,"branchColor":"#c8aeb4","children":[{"id":"b017b2eb-6b84-4e00-927b-d1e8dc70ee72","parentId":"da83ec39-e303-45ce-837a-5468d709a4c8","text":{"caption":"> qemu-img create -f raw 1_arch.raw 8G","font":{"style":"normal","weight":"normal","decoration":"none","size":15,"color":"#000000"}},"offset":{"x":-239,"y":-33},"foldChildren":false,"branchColor":"#c8aeb4","children":[]}]},{"id":"5722349c-2aa0-4bde-b59b-01845f6631d6","parentId":"94780fb1-1729-4673-800b-eebbde6a08ab","text":{"caption":"output","font":{"style":"normal","weight":"normal","decoration":"none","size":15,"color":"#000000"}},"offset":{"x":-155,"y":42},"foldChildren":false,"branchColor":"#c8aeb4","children":[{"id":"e222848b-f595-4fe1-9c53-a06110d37abd","parentId":"5722349c-2aa0-4bde-b59b-01845f6631d6","text":{"caption":"> formatting.. filename/raw/size","font":{"style":"normal","weight":"normal","decoration":"none","size":15,"color":"#000000"}},"offset":{"x":-233,"y":-78},"foldChildren":false,"branchColor":"#c8aeb4","children":[]}]}]},{"id":"a6df3016-00e6-4240-b067-b558dca4c687","parentId":"8c199362-d146-4870-b5a0-5f5a14c3edab","text":{"caption":"qemu-system-x64-x86","font":{"style":"normal","weight":"normal","decoration":"none","size":15,"color":"#000000"}},"offset":{"x":-200,"y":-291},"foldChildren":false,"branchColor":"#c8aeb4","children":[{"id":"7ba194d6-7b28-4618-aff6-aa3f475e9d8e","parentId":"a6df3016-00e6-4240-b067-b558dca4c687","text":{"caption":"memory","font":{"style":"normal","weight":"normal","decoration":"none","size":15,"color":"#000000"}},"offset":{"x":-86,"y":-62},"foldChildren":false,"branchColor":"#c8aeb4","children":[{"id":"0d4ae613-70ec-411c-b97f-63f7890c8713","parentId":"7ba194d6-7b28-4618-aff6-aa3f475e9d8e","text":{"caption":"-m 1G","font":{"style":"normal","weight":"normal","decoration":"none","size":15,"color":"#000000"}},"offset":{"x":-92,"y":-72},"foldChildren":false,"branchColor":"#c8aeb4","children":[]}]},{"id":"34ddc312-7ac5-4512-90ba-ab6527aff976","parentId":"a6df3016-00e6-4240-b067-b558dca4c687","text":{"caption":"-cdrom","font":{"style":"normal","weight":"normal","decoration":"none","size":15,"color":"#000000"}},"offset":{"x":-112,"y":15},"foldChildren":false,"branchColor":"#c8aeb4","children":[{"id":"dbabe01f-9fd4-4e79-a93a-f6c937c95801","parentId":"34ddc312-7ac5-4512-90ba-ab6527aff976","text":{"caption":"filename.iso","font":{"style":"normal","weight":"normal","decoration":"none","size":15,"color":"#000000"}},"offset":{"x":-115,"y":-59},"foldChildren":false,"branchColor":"#c8aeb4","children":[]}]},{"id":"2b38aefc-f065-4128-94ab-d67f77b2c675","parentId":"a6df3016-00e6-4240-b067-b558dca4c687","text":{"caption":"-cpu","font":{"style":"normal","weight":"normal","decoration":"none","size":15,"color":"#000000"}},"offset":{"x":-62,"y":-130},"foldChildren":false,"branchColor":"#c8aeb4","children":[{"id":"fd15268e-a8e1-4f2b-88cc-8e8c8290dd77","parentId":"2b38aefc-f065-4128-94ab-d67f77b2c675","text":{"caption":"core2dual","font":{"style":"normal","weight":"normal","decoration":"none","size":15,"color":"#000000"}},"offset":{"x":-100,"y":-92},"foldChildren":false,"branchColor":"#c8aeb4","children":[]}]}]}]},{"id":"a71541b7-946f-4d11-9b7d-2d360d048a77","parentId":"c5ae3c22-f796-42ad-a578-a38b65764213","text":{"caption":"scenarios","font":{"style":"normal","weight":"normal","decoration":"none","size":15,"color":"#000000"}},"offset":{"x":174,"y":-121},"foldChildren":false,"branchColor":"#2591f8","children":[{"id":"45bfa42c-f072-4b5a-a485-74cc59f7da6c","parentId":"a71541b7-946f-4d11-9b7d-2d360d048a77","text":{"caption":"creating the file\nof the virtual disk","font":{"style":"normal","weight":"normal","decoration":"none","size":15,"color":"#000000"}},"offset":{"x":161,"y":-98},"foldChildren":false,"branchColor":"#2591f8","children":[{"id":"e6c68982-63e5-4ee0-86d7-e19b9d27515c","parentId":"45bfa42c-f072-4b5a-a485-74cc59f7da6c","text":{"caption":"qemu-img create -f qcow2 winxp.img 3G","font":{"style":"normal","weight":"normal","decoration":"none","size":15,"color":"#000000"}},"offset":{"x":117,"y":-93},"foldChildren":false,"branchColor":"#2591f8","children":[]}]}]},{"id":"7106d545-2a2c-4457-8bd0-2539dd2c5849","parentId":"c5ae3c22-f796-42ad-a578-a38b65764213","text":{"caption":"installin arch options","font":{"style":"normal","weight":"normal","decoration":"none","size":15,"color":"#000000"}},"offset":{"x":-245,"y":163},"foldChildren":false,"branchColor":"#219619","children":[{"id":"f51244d6-ca6e-46cb-802c-7cbfbf7cbf46","parentId":"7106d545-2a2c-4457-8bd0-2539dd2c5849","text":{"caption":"reboot computer","font":{"style":"normal","weight":"normal","decoration":"none","size":15,"color":"#000000"}},"offset":{"x":-226.66666666666666,"y":129.33333333333334},"foldChildren":false,"branchColor":"#219619","children":[{"id":"1aca6a07-7ed0-48f9-86a1-23fef97b3510","parentId":"f51244d6-ca6e-46cb-802c-7cbfbf7cbf46","text":{"caption":"insert the usb with the live-cd already installed","font":{"style":"normal","weight":"normal","decoration":"none","size":15,"color":"#000000"}},"offset":{"x":-186.66666666666666,"y":72},"foldChildren":false,"branchColor":"#219619","children":[]}]},{"id":"5f67ae03-2f1c-487f-b310-fedf5789614c","parentId":"7106d545-2a2c-4457-8bd0-2539dd2c5849","text":{"caption":"bootstrapping","font":{"style":"normal","weight":"normal","decoration":"none","size":15,"color":"#000000"}},"offset":{"x":-214.66666666666666,"y":266.6666666666667},"foldChildren":false,"branchColor":"#219619","children":[{"id":"7e2f26b1-5756-4ab3-af35-40fc6fcb20b8","parentId":"5f67ae03-2f1c-487f-b310-fedf5789614c","text":{"caption":"standing on machine A \nwe can install to /dev/sdX","font":{"style":"normal","weight":"normal","decoration":"none","size":15,"color":"#000000"}},"offset":{"x":-108,"y":85.33333333333333},"foldChildren":false,"branchColor":"#219619","children":[{"id":"32b2be8f-d062-4cfe-878b-cb92a757e58a","parentId":"7e2f26b1-5756-4ab3-af35-40fc6fcb20b8","text":{"caption":"how?","font":{"style":"normal","weight":"normal","decoration":"none","size":15,"color":"#000000"}},"offset":{"x":-122.66666666666667,"y":110.66666666666667},"foldChildren":false,"branchColor":"#219619","children":[{"id":"63930ab3-882a-409d-a36c-05e526a9531e","parentId":"32b2be8f-d062-4cfe-878b-cb92a757e58a","text":{"caption":"arch bootstrapping","font":{"style":"normal","weight":"normal","decoration":"none","size":15,"color":"#000000"}},"offset":{"x":-94.66666666666667,"y":74.66666666666667},"foldChildren":false,"branchColor":"#219619","children":[]}]}]}]},{"id":"6abe47c8-f1f9-484f-be21-7dd1a2718653","parentId":"7106d545-2a2c-4457-8bd0-2539dd2c5849","text":{"caption":"qemu -","font":{"style":"normal","weight":"normal","decoration":"none","size":15,"color":"#000000"}},"offset":{"x":-158.66666666666666,"y":530.6666666666666},"foldChildren":false,"branchColor":"#219619","children":[{"id":"357cac32-6916-468f-a978-860fd770d25f","parentId":"6abe47c8-f1f9-484f-be21-7dd1a2718653","text":{"caption":"boot from an iso / device as bootable usb or cdrom","font":{"style":"normal","weight":"normal","decoration":"none","size":15,"color":"#000000"}},"offset":{"x":-197.33333333333334,"y":57.333333333333336},"foldChildren":false,"branchColor":"#219619","children":[]},{"id":"93394ac4-77fa-4265-8ca1-9a962f05278d","parentId":"6abe47c8-f1f9-484f-be21-7dd1a2718653","text":{"caption":"create a file for the disk image  - 1G","font":{"style":"normal","weight":"normal","decoration":"none","size":15,"color":"#000000"}},"offset":{"x":-80,"y":164},"foldChildren":false,"branchColor":"#219619","children":[{"id":"be6f3619-445a-498b-b171-571fbc21397e","parentId":"93394ac4-77fa-4265-8ca1-9a962f05278d","text":{"caption":"after installation completed","font":{"style":"normal","weight":"normal","decoration":"none","size":15,"color":"#000000"}},"offset":{"x":-236,"y":42.666666666666664},"foldChildren":false,"branchColor":"#219619","children":[{"id":"8b20485f-c36e-4dfe-b2eb-8d80986a2ed6","parentId":"be6f3619-445a-498b-b171-571fbc21397e","text":{"caption":"use dd for duplicating the image to a physical device","font":{"style":"normal","weight":"normal","decoration":"none","size":15,"color":"#000000"}},"offset":{"x":-172,"y":-69.33333333333333},"foldChildren":false,"branchColor":"#219619","children":[]},{"id":"fd977d18-3878-4bc2-b7b9-4fb7bc09f04d","parentId":"be6f3619-445a-498b-b171-571fbc21397e","text":{"caption":"update the boot menu / fstab / etc","font":{"style":"normal","weight":"normal","decoration":"none","size":15,"color":"#000000"}},"offset":{"x":-172,"y":37.333333333333336},"foldChildren":false,"branchColor":"#219619","children":[]}]}]}]}]},{"id":"6d3feab7-27e0-4d00-bb6b-2c7f74061e6d","parentId":"c5ae3c22-f796-42ad-a578-a38b65764213","text":{"caption":"urls","font":{"style":"normal","weight":"normal","decoration":"none","size":15,"color":"#000000"}},"offset":{"x":207,"y":153},"foldChildren":false,"branchColor":"#6355ec","children":[{"id":"0491e099-8614-44d5-995d-d3b03b21abe5","parentId":"6d3feab7-27e0-4d00-bb6b-2c7f74061e6d","text":{"caption":"http://en.wikibooks.org/wiki/QEMU/Images","font":{"style":"normal","weight":"normal","decoration":"none","size":15,"color":"#000000"}},"offset":{"x":113,"y":99},"foldChildren":false,"branchColor":"#6355ec","children":[]}]},{"id":"5e462758-8b5e-42ce-a677-661e72a2fa6e","parentId":"c5ae3c22-f796-42ad-a578-a38b65764213","text":{"caption":"booting a usb device","font":{"style":"normal","weight":"normal","decoration":"none","size":15,"color":"#000000"}},"offset":{"x":67,"y":-315},"foldChildren":false,"branchColor":"#e44e0f","children":[{"id":"850e987b-c54e-43c4-8a85-5507c3c1c05f","parentId":"5e462758-8b5e-42ce-a677-661e72a2fa6e","text":{"caption":"command:\nqemu -hda /dev/sd?","font":{"style":"normal","weight":"normal","decoration":"none","size":15,"color":"#000000"}},"offset":{"x":292,"y":-127},"foldChildren":false,"branchColor":"#e44e0f","children":[]},{"id":"9321e587-0cc2-4efe-ad53-f7430f1eb093","parentId":"5e462758-8b5e-42ce-a677-661e72a2fa6e","text":{"caption":"use your linux host to issue the command","font":{"style":"normal","weight":"normal","decoration":"none","size":15,"color":"#000000"}},"offset":{"x":279,"y":-51},"foldChildren":false,"branchColor":"#e44e0f","children":[]},{"id":"fe36ec63-6cee-463a-9cd7-57e79d75e877","parentId":"5e462758-8b5e-42ce-a677-661e72a2fa6e","text":{"caption":"Easiest solution for booting from a usb device","font":{"style":"normal","weight":"normal","decoration":"none","size":15,"color":"#000000"}},"offset":{"x":294,"y":-230},"foldChildren":false,"branchColor":"#e44e0f","children":[]}]}]}},"dates":{"created":1400159833387,"modified":1400324685000},"dimensions":{"x":4000,"y":2000},"autosave":true}