{"id":"28025971-3c27-47ef-b721-6ac83cbaec92","title":"lpic 1","mindmap":{"root":{"id":"ab2238a7-139d-496a-9786-2ccf0d88186f","parentId":null,"text":{"caption":"lpic 1","font":{"style":"normal","weight":"bold","decoration":"none","size":20,"color":"#000000"}},"offset":{"x":0,"y":0},"foldChildren":false,"branchColor":"#000000","children":[{"id":"1b4045cb-db33-4775-b5e8-60a66189b177","parentId":"ab2238a7-139d-496a-9786-2ccf0d88186f","text":{"caption":"url","font":{"style":"normal","weight":"normal","decoration":"none","size":15,"color":"#000000"}},"offset":{"x":97,"y":123},"foldChildren":false,"branchColor":"#79129c","children":[{"id":"8acec484-d47e-4fdb-9ba7-a5122430a4c7","parentId":"1b4045cb-db33-4775-b5e8-60a66189b177","text":{"caption":"http://en.wikibooks.org/wiki/LPI_Linux_Certification","font":{"style":"normal","weight":"normal","decoration":"none","size":15,"color":"#000000"}},"offset":{"x":183,"y":94},"foldChildren":false,"branchColor":"#79129c","children":[]}]},{"id":"714a02e6-e1b7-4c8e-be57-347d05bf90b8","parentId":"ab2238a7-139d-496a-9786-2ccf0d88186f","text":{"caption":"Create Partitions And Filesystems","font":{"style":"normal","weight":"normal","decoration":"none","size":15,"color":"#000000"}},"offset":{"x":-304,"y":-165},"foldChildren":false,"branchColor":"#3463e1","children":[]}]}},"dates":{"created":1400166093851,"modified":1400166492783},"dimensions":{"x":4000,"y":2000},"autosave":true}