{"id":"be9bb58d-c212-4126-82a8-c13844d3be2a","title":"MetaSploit\n01","mindmap":{"root":{"id":"a396a126-d1c2-4d04-8509-7155bdf356a0","parentId":null,"text":{"caption":"MetaSploit\n01","font":{"style":"normal","weight":"bold","decoration":"none","size":20,"color":"#000000"}},"offset":{"x":0,"y":0},"foldChildren":false,"branchColor":"#000000","children":[{"id":"66f28096-1049-4dd1-ac01-35455f09341a","parentId":"a396a126-d1c2-4d04-8509-7155bdf356a0","text":{"caption":"nMap","font":{"style":"normal","weight":"normal","decoration":"none","size":15,"color":"#000000"}},"offset":{"x":-253.59375,"y":-162.1875},"foldChildren":false,"branchColor":"#a3a3b7","children":[{"id":"c97dd975-4027-41a2-80c2-25efac05d58f","parentId":"66f28096-1049-4dd1-ac01-35455f09341a","text":{"caption":"-sV -n","font":{"style":"normal","weight":"normal","decoration":"none","size":15,"color":"#000000"}},"offset":{"x":-100,"y":-53.6},"foldChildren":false,"branchColor":"#a3a3b7","children":[{"id":"94e62b56-9fc6-4448-bb4c-6b8df207a0a2","parentId":"c97dd975-4027-41a2-80c2-25efac05d58f","text":{"caption":"service fingerprint","font":{"style":"normal","weight":"normal","decoration":"none","size":15,"color":"#000000"}},"offset":{"x":-64,"y":-51.2},"foldChildren":false,"branchColor":"#a3a3b7","children":[{"id":"408a8b51-f5e3-49e0-951f-a51206669290","parentId":"94e62b56-9fc6-4448-bb4c-6b8df207a0a2","text":{"caption":"find list of open ports","font":{"style":"normal","weight":"normal","decoration":"none","size":15,"color":"#000000"}},"offset":{"x":-125.6,"y":-70.4},"foldChildren":false,"branchColor":"#a3a3b7","children":[]},{"id":"5a3da60d-5018-4236-b135-c2c34830b1ff","parentId":"94e62b56-9fc6-4448-bb4c-6b8df207a0a2","text":{"caption":"find the running services and their version","font":{"style":"normal","weight":"normal","decoration":"none","size":15,"color":"#000000"}},"offset":{"x":-148.1875,"y":26.203125},"foldChildren":false,"branchColor":"#a3a3b7","children":[{"id":"bba69dd6-61da-4cfa-9d94-ba6d75d5a691","parentId":"5a3da60d-5018-4236-b135-c2c34830b1ff","text":{"caption":"NEXT STEP:\nsearch for vulerability for each service","font":{"style":"normal","weight":"normal","decoration":"none","size":15,"color":"#000000"}},"offset":{"x":-211,"y":93},"foldChildren":false,"branchColor":"#a3a3b7","children":[]}]}]}]}]},{"id":"55118348-4281-4942-95c5-be2eefe63ea4","parentId":"a396a126-d1c2-4d04-8509-7155bdf356a0","text":{"caption":"using a framework VS do it yourself:\nresearch/download/compile","font":{"style":"normal","weight":"normal","decoration":"none","size":15,"color":"#000000"}},"offset":{"x":-254.59375,"y":66.390625},"foldChildren":false,"branchColor":"#4f1ad2","children":[{"id":"b60451ca-7e44-458a-af67-a8b90cc8ad4e","parentId":"55118348-4281-4942-95c5-be2eefe63ea4","text":{"caption":"download:\ndcom.c","font":{"style":"normal","weight":"normal","decoration":"none","size":15,"color":"#000000"}},"offset":{"x":-124.796875,"y":-78.796875},"foldChildren":false,"branchColor":"#4f1ad2","children":[{"id":"1b1b388e-c5a3-4ab7-bdd6-97329ab2dfe8","parentId":"b60451ca-7e44-458a-af67-a8b90cc8ad4e","text":{"caption":"compile:\ngcc file -o","font":{"style":"normal","weight":"normal","decoration":"none","size":15,"color":"#000000"}},"offset":{"x":-102,"y":-40.796875},"foldChildren":false,"branchColor":"#4f1ad2","children":[]}]},{"id":"c8e6f899-83b4-4f66-9d04-f949960925f7","parentId":"55118348-4281-4942-95c5-be2eefe63ea4","text":{"caption":"using the framework","font":{"style":"normal","weight":"normal","decoration":"none","size":15,"color":"#000000"}},"offset":{"x":-75,"y":192},"foldChildren":false,"branchColor":"#4f1ad2","children":[{"id":"e5760007-ad99-4383-86f2-aee8f40601f4","parentId":"c8e6f899-83b4-4f66-9d04-f949960925f7","text":{"caption":"decoupling of exploit and the payload","font":{"style":"normal","weight":"normal","decoration":"none","size":15,"color":"#000000"}},"offset":{"x":-173,"y":-99},"foldChildren":false,"branchColor":"#4f1ad2","children":[{"id":"bf870fd6-cb86-46fc-aa42-9b3e24c1d4fe","parentId":"e5760007-ad99-4383-86f2-aee8f40601f4","text":{"caption":"example for payloads","font":{"style":"normal","weight":"normal","decoration":"none","size":15,"color":"#000000"}},"offset":{"x":-208,"y":-42},"foldChildren":false,"branchColor":"#4f1ad2","children":[{"id":"ceeae949-f63c-4b5d-8c2f-2c5434b7ba54","parentId":"bf870fd6-cb86-46fc-aa42-9b3e24c1d4fe","text":{"caption":"exec","font":{"style":"normal","weight":"normal","decoration":"none","size":15,"color":"#000000"}},"offset":{"x":-133,"y":56},"foldChildren":false,"branchColor":"#4f1ad2","children":[]},{"id":"8320fa12-0dc1-4d54-b20f-c0fb2b4c5efa","parentId":"bf870fd6-cb86-46fc-aa42-9b3e24c1d4fe","text":{"caption":"adduser","font":{"style":"normal","weight":"normal","decoration":"none","size":15,"color":"#000000"}},"offset":{"x":-146,"y":-34},"foldChildren":false,"branchColor":"#4f1ad2","children":[]},{"id":"67ea320f-ab3c-40e0-934c-65a31ef66fa4","parentId":"bf870fd6-cb86-46fc-aa42-9b3e24c1d4fe","text":{"caption":"reverse tcp","font":{"style":"normal","weight":"normal","decoration":"none","size":15,"color":"#000000"}},"offset":{"x":-92,"y":116},"foldChildren":false,"branchColor":"#4f1ad2","children":[]}]}]}]}]},{"id":"450ace93-32aa-4261-baf5-73b5588e3909","parentId":"a396a126-d1c2-4d04-8509-7155bdf356a0","text":{"caption":"vulnerability","font":{"style":"normal","weight":"normal","decoration":"none","size":15,"color":"#000000"}},"offset":{"x":345,"y":-144},"foldChildren":false,"branchColor":"#ec4a8b","children":[{"id":"41f44600-a0a2-43f5-a87c-c610d9de7e40","parentId":"450ace93-32aa-4261-baf5-73b5588e3909","text":{"caption":"allow for:","font":{"style":"normal","weight":"normal","decoration":"none","size":15,"color":"#000000"}},"offset":{"x":143,"y":95},"foldChildren":false,"branchColor":"#ec4a8b","children":[{"id":"a2605a03-37f4-4d6f-ab29-0d7122c2fd1c","parentId":"41f44600-a0a2-43f5-a87c-c610d9de7e40","text":{"caption":"remote code execution","font":{"style":"normal","weight":"normal","decoration":"none","size":15,"color":"#000000"}},"offset":{"x":113,"y":60},"foldChildren":false,"branchColor":"#ec4a8b","children":[{"id":"11132671-15bd-4cd1-a239-3a9f2c524fef","parentId":"a2605a03-37f4-4d6f-ab29-0d7122c2fd1c","text":{"caption":"examples","font":{"style":"normal","weight":"normal","decoration":"none","size":15,"color":"#000000"}},"offset":{"x":202,"y":76},"foldChildren":false,"branchColor":"#ec4a8b","children":[{"id":"2bddb1f2-546f-4c13-9c6f-6fec6e47c527","parentId":"11132671-15bd-4cd1-a239-3a9f2c524fef","text":{"caption":"Exploiting Buffer Overrun In RPC Interface - MS03-026","font":{"style":"normal","weight":"normal","decoration":"none","size":15,"color":"#000000"}},"offset":{"x":99,"y":91},"foldChildren":false,"branchColor":"#ec4a8b","children":[{"id":"09b5a48c-d2e0-4247-9702-816be771e1af","parentId":"2bddb1f2-546f-4c13-9c6f-6fec6e47c527","text":{"caption":"download: \ndcom","font":{"style":"normal","weight":"normal","decoration":"none","size":15,"color":"#000000"}},"offset":{"x":178,"y":109},"foldChildren":false,"branchColor":"#ec4a8b","children":[{"id":"8624b86c-4c4f-4338-b773-fc5464ab4f2c","parentId":"09b5a48c-d2e0-4247-9702-816be771e1af","text":{"caption":"use: \ndcom target_id target_ip","font":{"style":"normal","weight":"normal","decoration":"none","size":15,"color":"#000000"}},"offset":{"x":111,"y":50},"foldChildren":false,"branchColor":"#ec4a8b","children":[]}]}]}]}]},{"id":"ddc5ad80-43c1-4dff-b8f2-e69adbdc925d","parentId":"41f44600-a0a2-43f5-a87c-c610d9de7e40","text":{"caption":"cleanup","font":{"style":"normal","weight":"normal","decoration":"none","size":15,"color":"#000000"}},"offset":{"x":126,"y":-56},"foldChildren":false,"branchColor":"#ec4a8b","children":[]}]}]},{"id":"c1261c81-99fb-40bf-a4ca-4f74707049ab","parentId":"a396a126-d1c2-4d04-8509-7155bdf356a0","text":{"caption":"confirm connection","font":{"style":"normal","weight":"normal","decoration":"none","size":15,"color":"#000000"}},"offset":{"x":77,"y":200},"foldChildren":false,"branchColor":"#4c238e","children":[{"id":"d47c1f4a-4447-4149-b74d-ff56c5e588a2","parentId":"c1261c81-99fb-40bf-a4ca-4f74707049ab","text":{"caption":"victim machine:\nwindows XP","font":{"style":"normal","weight":"normal","decoration":"none","size":15,"color":"#000000"}},"offset":{"x":208,"y":-154},"foldChildren":false,"branchColor":"#4c238e","children":[{"id":"3532a1b7-1425-484d-88c0-5467201bcd78","parentId":"d47c1f4a-4447-4149-b74d-ff56c5e588a2","text":{"caption":"netstat -n","font":{"style":"normal","weight":"normal","decoration":"none","size":15,"color":"#000000"}},"offset":{"x":187,"y":-97},"foldChildren":false,"branchColor":"#4c238e","children":[{"id":"2f31dc2b-1bfc-49b5-9222-9bf83e3b3ea5","parentId":"3532a1b7-1425-484d-88c0-5467201bcd78","text":{"caption":"shows   connections:\nwhich connection_id? 1\nwhich protocol ? TCP\nstatus? ESTABLISHED\nlocal computer: ip+ports\nremote_computer: same","font":{"style":"normal","weight":"normal","decoration":"none","size":15,"color":"#000000"}},"offset":{"x":121,"y":-67},"foldChildren":false,"branchColor":"#4c238e","children":[]}]},{"id":"6da05d96-27fc-4b2c-a672-bb6eb2db6247","parentId":"d47c1f4a-4447-4149-b74d-ff56c5e588a2","text":{"caption":"ipconfig","font":{"style":"normal","weight":"normal","decoration":"none","size":15,"color":"#000000"}},"offset":{"x":183,"y":61},"foldChildren":false,"branchColor":"#4c238e","children":[{"id":"1c87ba62-3a1b-45ec-9cf2-aa83a6a366d6","parentId":"6da05d96-27fc-4b2c-a672-bb6eb2db6247","text":{"caption":"show the i.p","font":{"style":"normal","weight":"normal","decoration":"none","size":15,"color":"#000000"}},"offset":{"x":133,"y":52},"foldChildren":false,"branchColor":"#4c238e","children":[{"id":"9487dd77-e003-4975-8bca-b054231304e4","parentId":"1c87ba62-3a1b-45ec-9cf2-aa83a6a366d6","text":{"caption":"attacker ip shown up","font":{"style":"normal","weight":"normal","decoration":"none","size":15,"color":"#000000"}},"offset":{"x":112,"y":59},"foldChildren":false,"branchColor":"#4c238e","children":[]}]}]},{"id":"f416676e-d440-48d9-ad6a-12a83adc071b","parentId":"d47c1f4a-4447-4149-b74d-ff56c5e588a2","text":{"caption":"commands","font":{"style":"normal","weight":"normal","decoration":"none","size":15,"color":"#000000"}},"offset":{"x":209,"y":172},"foldChildren":false,"branchColor":"#4c238e","children":[{"id":"68cb9e9d-8253-4cce-a329-65f20655ee80","parentId":"f416676e-d440-48d9-ad6a-12a83adc071b","text":{"caption":"type <file> - print the text file","font":{"style":"normal","weight":"normal","decoration":"none","size":15,"color":"#000000"}},"offset":{"x":139,"y":62},"foldChildren":false,"branchColor":"#4c238e","children":[]}]}]}]},{"id":"a1414523-1306-49ab-818d-81999ed74147","parentId":"a396a126-d1c2-4d04-8509-7155bdf356a0","text":{"caption":"MSF>","font":{"style":"normal","weight":"normal","decoration":"none","size":15,"color":"#000000"}},"offset":{"x":46,"y":-268},"foldChildren":false,"branchColor":"#2e932f","children":[{"id":"ce3eed43-2aef-463b-8d61-a664ab6898a0","parentId":"a1414523-1306-49ab-818d-81999ed74147","text":{"caption":"work with A module:","font":{"style":"normal","weight":"normal","decoration":"none","size":15,"color":"#000000"}},"offset":{"x":128,"y":-187},"foldChildren":false,"branchColor":"#2e932f","children":[{"id":"375196e1-740e-44b0-8d18-cdc83ca60c54","parentId":"ce3eed43-2aef-463b-8d61-a664ab6898a0","text":{"caption":"port scanning:","font":{"style":"normal","weight":"normal","decoration":"none","size":15,"color":"#000000"}},"offset":{"x":403,"y":-306},"foldChildren":false,"branchColor":"#2e932f","children":[{"id":"732727c0-9ae8-45b5-918c-c6c970faa3e1","parentId":"375196e1-740e-44b0-8d18-cdc83ca60c54","text":{"caption":"required VS optional","font":{"style":"normal","weight":"normal","decoration":"none","size":15,"color":"#000000"}},"offset":{"x":196,"y":-28},"foldChildren":false,"branchColor":"#2e932f","children":[{"id":"dbb2d8d3-4aab-42c5-ac19-7325c3c012cb","parentId":"732727c0-9ae8-45b5-918c-c6c970faa3e1","text":{"caption":"> set RPORTS","font":{"style":"normal","weight":"normal","decoration":"none","size":15,"color":"#000000"}},"offset":{"x":140,"y":-59},"foldChildren":false,"branchColor":"#2e932f","children":[{"id":"e8ce92ca-8cb5-45f5-b464-8be29b6a117d","parentId":"dbb2d8d3-4aab-42c5-ac19-7325c3c012cb","text":{"caption":"1-500","font":{"style":"normal","weight":"normal","decoration":"none","size":15,"color":"#000000"}},"offset":{"x":107,"y":-34},"foldChildren":false,"branchColor":"#2e932f","children":[]}]},{"id":"72ef0538-1f19-4e54-a431-13986938552b","parentId":"732727c0-9ae8-45b5-918c-c6c970faa3e1","text":{"caption":"> set RHOSTS","font":{"style":"normal","weight":"normal","decoration":"none","size":15,"color":"#000000"}},"offset":{"x":163,"y":18},"foldChildren":false,"branchColor":"#2e932f","children":[{"id":"aa0ae460-30c5-430e-8bb1-8488382d06ea","parentId":"72ef0538-1f19-4e54-a431-13986938552b","text":{"caption":"target ip","font":{"style":"normal","weight":"normal","decoration":"none","size":15,"color":"#000000"}},"offset":{"x":163,"y":-73},"foldChildren":false,"branchColor":"#2e932f","children":[]}]},{"id":"8c0c3a5f-4f3c-4ff4-991f-68cdff1648ec","parentId":"732727c0-9ae8-45b5-918c-c6c970faa3e1","text":{"caption":"> set THREADS","font":{"style":"normal","weight":"normal","decoration":"none","size":15,"color":"#000000"}},"offset":{"x":177,"y":75},"foldChildren":false,"branchColor":"#2e932f","children":[{"id":"4c36af58-be03-4ac3-b6ea-2b9fc5611b2e","parentId":"8c0c3a5f-4f3c-4ff4-991f-68cdff1648ec","text":{"caption":"10","font":{"style":"normal","weight":"normal","decoration":"none","size":15,"color":"#000000"}},"offset":{"x":179,"y":48},"foldChildren":false,"branchColor":"#2e932f","children":[]},{"id":"b5fa1b36-7cf6-4fdc-a7bb-55c4b7e66f11","parentId":"8c0c3a5f-4f3c-4ff4-991f-68cdff1648ec","text":{"caption":"conver to multi-threaded","font":{"style":"normal","weight":"normal","decoration":"none","size":15,"color":"#000000"}},"offset":{"x":153,"y":-17},"foldChildren":false,"branchColor":"#2e932f","children":[]}]}]},{"id":"ae652034-a255-4199-b445-d7b3bc957f25","parentId":"375196e1-740e-44b0-8d18-cdc83ca60c54","text":{"caption":"prompt is changed to:\nmsf>auxiliary tcp>","font":{"style":"normal","weight":"normal","decoration":"none","size":15,"color":"#000000"}},"offset":{"x":182,"y":130},"foldChildren":false,"branchColor":"#2e932f","children":[]},{"id":"d657f5d7-b63b-4f52-a141-ac2ae78717fa","parentId":"375196e1-740e-44b0-8d18-cdc83ca60c54","text":{"caption":"use auxiliary/scanner/portscan/tcp","font":{"style":"normal","weight":"normal","decoration":"none","size":15,"color":"#000000"}},"offset":{"x":222,"y":-187},"foldChildren":false,"branchColor":"#2e932f","children":[]}]},{"id":"13ed134f-f36b-470a-8dfe-7506e2589b5c","parentId":"ce3eed43-2aef-463b-8d61-a664ab6898a0","text":{"caption":"STEP3\n> show options","font":{"style":"normal","weight":"normal","decoration":"none","size":15,"color":"#000000"}},"offset":{"x":203,"y":-45},"foldChildren":false,"branchColor":"#2e932f","children":[{"id":"d9fc3ecf-945a-43d6-b092-fe0c5e98d40e","parentId":"13ed134f-f36b-470a-8dfe-7506e2589b5c","text":{"caption":"present current configurations","font":{"style":"normal","weight":"normal","decoration":"none","size":15,"color":"#000000"}},"offset":{"x":142,"y":62},"foldChildren":false,"branchColor":"#2e932f","children":[]}]},{"id":"e38217c0-447f-416f-a99f-d762df69959a","parentId":"ce3eed43-2aef-463b-8d61-a664ab6898a0","text":{"caption":"run the module:\n>run","font":{"style":"normal","weight":"normal","decoration":"none","size":15,"color":"#000000"}},"offset":{"x":214,"y":106},"foldChildren":false,"branchColor":"#2e932f","children":[]},{"id":"b4f54919-ae82-4c82-98dd-9de3126039d1","parentId":"ce3eed43-2aef-463b-8d61-a664ab6898a0","text":{"caption":"STEP1\n> search <dcom>","font":{"style":"normal","weight":"normal","decoration":"none","size":15,"color":"#000000"}},"offset":{"x":161,"y":-392},"foldChildren":false,"branchColor":"#2e932f","children":[{"id":"fe4a7030-4a9e-43bb-974f-b9afd2fe6941","parentId":"b4f54919-ae82-4c82-98dd-9de3126039d1","text":{"caption":"result:\nranked table of available exploits for <keyword>","font":{"style":"normal","weight":"normal","decoration":"none","size":15,"color":"#000000"}},"offset":{"x":152,"y":-57},"foldChildren":false,"branchColor":"#2e932f","children":[]},{"id":"3a3e8212-d90b-4852-a2f4-6e5338631203","parentId":"b4f54919-ae82-4c82-98dd-9de3126039d1","text":{"caption":"search exploit\n> search dcom","font":{"style":"normal","weight":"normal","decoration":"none","size":15,"color":"#000000"}},"offset":{"x":112,"y":-134},"foldChildren":false,"branchColor":"#2e932f","children":[]}]},{"id":"6e6211ea-9875-49dc-a230-b2a8e0f44611","parentId":"ce3eed43-2aef-463b-8d61-a664ab6898a0","text":{"caption":"STEP2\nuse <name>","font":{"style":"normal","weight":"normal","decoration":"none","size":15,"color":"#000000"}},"offset":{"x":201,"y":-301},"foldChildren":false,"branchColor":"#2e932f","children":[]}]},{"id":"b4b21c33-fc3e-443b-a07e-fd138993e94a","parentId":"a1414523-1306-49ab-818d-81999ed74147","text":{"caption":"set an EXPLOIT","font":{"style":"normal","weight":"normal","decoration":"none","size":15,"color":"#000000"}},"offset":{"x":152,"y":-15},"foldChildren":false,"branchColor":"#2e932f","children":[{"id":"ae75946b-576b-4f56-8967-35d3408cbb20","parentId":"b4b21c33-fc3e-443b-a07e-fd138993e94a","text":{"caption":"finish","font":{"style":"normal","weight":"normal","decoration":"none","size":15,"color":"#000000"}},"offset":{"x":383,"y":-71},"foldChildren":false,"branchColor":"#2e932f","children":[{"id":"633286f6-6934-41da-be9a-55b885e0885b","parentId":"ae75946b-576b-4f56-8967-35d3408cbb20","text":{"caption":"success","font":{"style":"normal","weight":"normal","decoration":"none","size":15,"color":"#000000"}},"offset":{"x":122,"y":-24},"foldChildren":false,"branchColor":"#2e932f","children":[{"id":"ef151c9a-35d2-4856-9286-3a0e20e4b481","parentId":"633286f6-6934-41da-be9a-55b885e0885b","text":{"caption":"open LPORT","font":{"style":"normal","weight":"normal","decoration":"none","size":15,"color":"#000000"}},"offset":{"x":113,"y":-38},"foldChildren":false,"branchColor":"#2e932f","children":[{"id":"bab87342-93f0-4242-a74d-3668d6e4ef08","parentId":"ef151c9a-35d2-4856-9286-3a0e20e4b481","text":{"caption":"the listen port","font":{"style":"normal","weight":"normal","decoration":"none","size":15,"color":"#000000"}},"offset":{"x":113,"y":-26},"foldChildren":false,"branchColor":"#2e932f","children":[]}]}]}]}]},{"id":"fbb3d488-36da-463f-90ad-592a235ace70","parentId":"a1414523-1306-49ab-818d-81999ed74147","text":{"caption":"set a PAYLOAD","font":{"style":"normal","weight":"normal","decoration":"none","size":15,"color":"#000000"}},"offset":{"x":157,"y":28},"foldChildren":false,"branchColor":"#2e932f","children":[{"id":"b6166cc0-f11c-4e73-b699-20a146017713","parentId":"fbb3d488-36da-463f-90ad-592a235ace70","text":{"caption":"example","font":{"style":"normal","weight":"normal","decoration":"none","size":15,"color":"#000000"}},"offset":{"x":177,"y":-26},"foldChildren":false,"branchColor":"#2e932f","children":[{"id":"611e8bbd-fa0b-4407-98e1-8d578323d3f2","parentId":"b6166cc0-f11c-4e73-b699-20a146017713","text":{"caption":"set PAYLOAD windows/bind_shell/reverse_tcp","font":{"style":"normal","weight":"normal","decoration":"none","size":15,"color":"#000000"}},"offset":{"x":132,"y":56},"foldChildren":false,"branchColor":"#2e932f","children":[]}]},{"id":"e78427f9-6999-4bdf-ab58-fe928ddc6d29","parentId":"fbb3d488-36da-463f-90ad-592a235ace70","text":{"caption":"connect to LPORT","font":{"style":"normal","weight":"normal","decoration":"none","size":15,"color":"#000000"}},"offset":{"x":565,"y":-68},"foldChildren":false,"branchColor":"#2e932f","children":[{"id":"2e63851a-756c-496b-9796-62cff02bd732","parentId":"e78427f9-6999-4bdf-ab58-fe928ddc6d29","text":{"caption":"send the payload","font":{"style":"normal","weight":"normal","decoration":"none","size":15,"color":"#000000"}},"offset":{"x":151,"y":-27},"foldChildren":false,"branchColor":"#2e932f","children":[]},{"id":"bd7b1d14-7e52-4344-b066-c027d6287e40","parentId":"e78427f9-6999-4bdf-ab58-fe928ddc6d29","text":{"caption":"use LOFFSET","font":{"style":"normal","weight":"normal","decoration":"none","size":15,"color":"#000000"}},"offset":{"x":171,"y":52},"foldChildren":false,"branchColor":"#2e932f","children":[]}]}]}]},{"id":"1521025b-bbc4-4eae-93a3-29e41b02bef7","parentId":"a396a126-d1c2-4d04-8509-7155bdf356a0","text":{"caption":"the MeterPreter","font":{"style":"normal","weight":"normal","decoration":"none","size":15,"color":"#000000"}},"offset":{"x":-139,"y":338},"foldChildren":false,"branchColor":"#87abf2","children":[{"id":"843fce44-4035-4321-bb44-c6dd71f595ec","parentId":"1521025b-bbc4-4eae-93a3-29e41b02bef7","text":{"caption":"client - server module","font":{"style":"normal","weight":"normal","decoration":"none","size":15,"color":"#000000"}},"offset":{"x":-153,"y":60},"foldChildren":false,"branchColor":"#87abf2","children":[{"id":"49672d10-91ae-42dd-9d02-e152f45c3aa1","parentId":"843fce44-4035-4321-bb44-c6dd71f595ec","text":{"caption":"the server running on the victim's machine","font":{"style":"normal","weight":"normal","decoration":"none","size":15,"color":"#000000"}},"offset":{"x":-155,"y":-55},"foldChildren":false,"branchColor":"#87abf2","children":[]},{"id":"5e7c72f4-7024-4c69-9542-8a8017f157c1","parentId":"843fce44-4035-4321-bb44-c6dd71f595ec","text":{"caption":"reverse tcp","font":{"style":"normal","weight":"normal","decoration":"none","size":15,"color":"#000000"}},"offset":{"x":-88,"y":84},"foldChildren":false,"branchColor":"#87abf2","children":[{"id":"a9bd163c-f5a3-4803-ad2c-cc1e6e95a8a3","parentId":"5e7c72f4-7024-4c69-9542-8a8017f157c1","text":{"caption":"after a connection the victim is connecting back to us - and form a new session with the attacker MeterPreter","font":{"style":"normal","weight":"normal","decoration":"none","size":15,"color":"#000000"}},"offset":{"x":-214,"y":48},"foldChildren":false,"branchColor":"#87abf2","children":[{"id":"4dca2b49-0d59-4255-9a57-c69d076498f5","parentId":"a9bd163c-f5a3-4803-ad2c-cc1e6e95a8a3","text":{"caption":"example","font":{"style":"normal","weight":"normal","decoration":"none","size":15,"color":"#000000"}},"offset":{"x":-75,"y":162},"foldChildren":false,"branchColor":"#87abf2","children":[{"id":"22907602-588d-4620-9cfd-8ed02cd9f22c","parentId":"4dca2b49-0d59-4255-9a57-c69d076498f5","text":{"caption":"set windows/meterpreter/reverce_tcp","font":{"style":"normal","weight":"normal","decoration":"none","size":15,"color":"#000000"}},"offset":{"x":-187,"y":-87},"foldChildren":false,"branchColor":"#87abf2","children":[]}]}]},{"id":"0c8b67ca-d759-4c68-9e9f-8ca53901c029","parentId":"5e7c72f4-7024-4c69-9542-8a8017f157c1","text":{"caption":"LHOST should be set","font":{"style":"normal","weight":"normal","decoration":"none","size":15,"color":"#000000"}},"offset":{"x":-217,"y":-40},"foldChildren":false,"branchColor":"#87abf2","children":[]}]}]},{"id":"c0f7e05a-2da2-462f-a79d-771e68721083","parentId":"1521025b-bbc4-4eae-93a3-29e41b02bef7","text":{"caption":"commands","font":{"style":"normal","weight":"normal","decoration":"none","size":15,"color":"#000000"}},"offset":{"x":-56,"y":209},"foldChildren":false,"branchColor":"#87abf2","children":[{"id":"abf7866f-a381-43fd-8c9b-a185707ab964","parentId":"c0f7e05a-2da2-462f-a79d-771e68721083","text":{"caption":"getuid","font":{"style":"normal","weight":"normal","decoration":"none","size":15,"color":"#000000"}},"offset":{"x":-135,"y":113},"foldChildren":false,"branchColor":"#87abf2","children":[{"id":"c8e13e06-4e08-4179-9005-c208d420ac68","parentId":"abf7866f-a381-43fd-8c9b-a185707ab964","text":{"caption":"current logged in user","font":{"style":"normal","weight":"normal","decoration":"none","size":15,"color":"#000000"}},"offset":{"x":-163,"y":4},"foldChildren":false,"branchColor":"#87abf2","children":[]}]},{"id":"3e051064-d4b6-4c6c-b5ed-f9a69f45b408","parentId":"c0f7e05a-2da2-462f-a79d-771e68721083","text":{"caption":"getpid","font":{"style":"normal","weight":"normal","decoration":"none","size":15,"color":"#000000"}},"offset":{"x":-263,"y":166},"foldChildren":false,"branchColor":"#87abf2","children":[{"id":"eac6b7d6-206d-4e36-b288-d1eb1a8e7d16","parentId":"3e051064-d4b6-4c6c-b5ed-f9a69f45b408","text":{"caption":"current process we stand on","font":{"style":"normal","weight":"normal","decoration":"none","size":15,"color":"#000000"}},"offset":{"x":-196,"y":50},"foldChildren":false,"branchColor":"#87abf2","children":[]}]},{"id":"675a21d2-b170-4af9-89ee-d9a24767b2c8","parentId":"c0f7e05a-2da2-462f-a79d-771e68721083","text":{"caption":"ps","font":{"style":"normal","weight":"normal","decoration":"none","size":15,"color":"#000000"}},"offset":{"x":-279,"y":375},"foldChildren":false,"branchColor":"#87abf2","children":[{"id":"0862f738-8bad-456d-bb74-1921302c890e","parentId":"675a21d2-b170-4af9-89ee-d9a24767b2c8","text":{"caption":"all existing processes","font":{"style":"normal","weight":"normal","decoration":"none","size":15,"color":"#000000"}},"offset":{"x":-170,"y":58},"foldChildren":false,"branchColor":"#87abf2","children":[]}]},{"id":"07d53dfe-2a70-4400-8c6a-ae4bbb278ea8","parentId":"c0f7e05a-2da2-462f-a79d-771e68721083","text":{"caption":"sysinfo","font":{"style":"normal","weight":"normal","decoration":"none","size":15,"color":"#000000"}},"offset":{"x":-290,"y":308},"foldChildren":false,"branchColor":"#87abf2","children":[{"id":"5cf0f681-5b23-482c-bb16-41d9d9753605","parentId":"07d53dfe-2a70-4400-8c6a-ae4bbb278ea8","text":{"caption":"O.S ?","font":{"style":"normal","weight":"normal","decoration":"none","size":15,"color":"#000000"}},"offset":{"x":-86,"y":58},"foldChildren":false,"branchColor":"#87abf2","children":[]},{"id":"703be2d2-dc22-4c84-ac55-66a39cab66eb","parentId":"07d53dfe-2a70-4400-8c6a-ae4bbb278ea8","text":{"caption":"arch ?","font":{"style":"normal","weight":"normal","decoration":"none","size":15,"color":"#000000"}},"offset":{"x":-101,"y":10},"foldChildren":false,"branchColor":"#87abf2","children":[]},{"id":"0385b302-c98c-47f6-965a-e767f6b70694","parentId":"07d53dfe-2a70-4400-8c6a-ae4bbb278ea8","text":{"caption":"local  language","font":{"style":"normal","weight":"normal","decoration":"none","size":15,"color":"#000000"}},"offset":{"x":-130,"y":-25},"foldChildren":false,"branchColor":"#87abf2","children":[]}]}]}]},{"id":"96db1079-6a17-4b6e-9e60-fa8504aca0d5","parentId":"a396a126-d1c2-4d04-8509-7155bdf356a0","text":{"caption":"interfaces","font":{"style":"normal","weight":"normal","decoration":"none","size":15,"color":"#000000"}},"offset":{"x":221,"y":896},"foldChildren":false,"branchColor":"#67743d","children":[{"id":"853299fc-dc68-4820-8e9d-e85105a543b6","parentId":"96db1079-6a17-4b6e-9e60-fa8504aca0d5","text":{"caption":"msf console","font":{"style":"normal","weight":"normal","decoration":"none","size":15,"color":"#000000"}},"offset":{"x":104,"y":83},"foldChildren":false,"branchColor":"#67743d","children":[]},{"id":"99b19e2f-a05f-44a5-aa9e-0ff97da9859e","parentId":"96db1079-6a17-4b6e-9e60-fa8504aca0d5","text":{"caption":"msf web","font":{"style":"normal","weight":"normal","decoration":"none","size":15,"color":"#000000"}},"offset":{"x":165,"y":35},"foldChildren":false,"branchColor":"#67743d","children":[]},{"id":"37ad57c8-654c-43be-9f4d-8ab90b411b03","parentId":"96db1079-6a17-4b6e-9e60-fa8504aca0d5","text":{"caption":"msf gui","font":{"style":"normal","weight":"normal","decoration":"none","size":15,"color":"#000000"}},"offset":{"x":188,"y":-41},"foldChildren":false,"branchColor":"#67743d","children":[]},{"id":"6b70a67b-3e39-4e3f-9ac4-1b0b19e03d6c","parentId":"96db1079-6a17-4b6e-9e60-fa8504aca0d5","text":{"caption":"msf cli","font":{"style":"normal","weight":"normal","decoration":"none","size":15,"color":"#000000"}},"offset":{"x":152,"y":-79},"foldChildren":false,"branchColor":"#67743d","children":[]},{"id":"6ddba80e-34ed-4080-a39e-3915d39db362","parentId":"96db1079-6a17-4b6e-9e60-fa8504aca0d5","text":{"caption":"msfd","font":{"style":"normal","weight":"normal","decoration":"none","size":15,"color":"#000000"}},"offset":{"x":65,"y":118},"foldChildren":false,"branchColor":"#67743d","children":[]},{"id":"82ade0c6-e1d2-4f16-8de5-7b884b0e686a","parentId":"96db1079-6a17-4b6e-9e60-fa8504aca0d5","text":{"caption":"armitage","font":{"style":"normal","weight":"normal","decoration":"none","size":15,"color":"#000000"}},"offset":{"x":48,"y":159},"foldChildren":false,"branchColor":"#67743d","children":[]}]},{"id":"2efae623-edea-4b0a-b302-f0c00a4a39b5","parentId":"a396a126-d1c2-4d04-8509-7155bdf356a0","text":{"caption":"the msf structure","font":{"style":"normal","weight":"normal","decoration":"none","size":15,"color":"#000000"}},"offset":{"x":63,"y":590},"foldChildren":false,"branchColor":"#fb52df","children":[{"id":"405584fc-04f2-4bdf-869a-bcbdca691019","parentId":"2efae623-edea-4b0a-b302-f0c00a4a39b5","text":{"caption":"interface","font":{"style":"normal","weight":"normal","decoration":"none","size":15,"color":"#000000"}},"offset":{"x":52,"y":312},"foldChildren":false,"branchColor":"#fb52df","children":[]},{"id":"d788f3a9-b4ad-4a11-9cee-5c08efa834b0","parentId":"2efae623-edea-4b0a-b302-f0c00a4a39b5","text":{"caption":"plugins","font":{"style":"normal","weight":"normal","decoration":"none","size":15,"color":"#000000"}},"offset":{"x":359,"y":-202},"foldChildren":false,"branchColor":"#fb52df","children":[]},{"id":"acca79c0-897f-459b-bda7-fe5f83776551","parentId":"2efae623-edea-4b0a-b302-f0c00a4a39b5","text":{"caption":"libraries","font":{"style":"normal","weight":"normal","decoration":"none","size":15,"color":"#000000"}},"offset":{"x":302,"y":-165},"foldChildren":false,"branchColor":"#fb52df","children":[]},{"id":"11f43b9d-fc92-4fd7-b12b-6dcc15ceeed8","parentId":"2efae623-edea-4b0a-b302-f0c00a4a39b5","text":{"caption":"tools","font":{"style":"normal","weight":"normal","decoration":"none","size":15,"color":"#000000"}},"offset":{"x":239,"y":-103},"foldChildren":false,"branchColor":"#fb52df","children":[]},{"id":"a945398d-b385-4c9c-bd61-e814b7b770ed","parentId":"2efae623-edea-4b0a-b302-f0c00a4a39b5","text":{"caption":"modules","font":{"style":"normal","weight":"normal","decoration":"none","size":15,"color":"#000000"}},"offset":{"x":184,"y":-26},"foldChildren":false,"branchColor":"#fb52df","children":[{"id":"58ee270f-23a5-4a30-8a33-da489ed1eb27","parentId":"a945398d-b385-4c9c-bd61-e814b7b770ed","text":{"caption":"Nops","font":{"style":"normal","weight":"normal","decoration":"none","size":15,"color":"#000000"}},"offset":{"x":142,"y":-14},"foldChildren":false,"branchColor":"#fb52df","children":[]},{"id":"90919e74-3400-4604-923c-9d75645b60b1","parentId":"a945398d-b385-4c9c-bd61-e814b7b770ed","text":{"caption":"Aux","font":{"style":"normal","weight":"normal","decoration":"none","size":15,"color":"#000000"}},"offset":{"x":155,"y":54},"foldChildren":false,"branchColor":"#fb52df","children":[]},{"id":"a68e17b3-0d1f-4288-b7e1-177f22e5175e","parentId":"a945398d-b385-4c9c-bd61-e814b7b770ed","text":{"caption":"Encoders","font":{"style":"normal","weight":"normal","decoration":"none","size":15,"color":"#000000"}},"offset":{"x":144,"y":135},"foldChildren":false,"branchColor":"#fb52df","children":[]},{"id":"4c4de78f-1c3c-4eb2-b5aa-15da6113a86a","parentId":"a945398d-b385-4c9c-bd61-e814b7b770ed","text":{"caption":"payloads","font":{"style":"normal","weight":"normal","decoration":"none","size":15,"color":"#000000"}},"offset":{"x":132,"y":276},"foldChildren":false,"branchColor":"#fb52df","children":[]},{"id":"e8db8cec-6c24-4f97-9a86-b50b19fbf780","parentId":"a945398d-b385-4c9c-bd61-e814b7b770ed","text":{"caption":"exploits","font":{"style":"normal","weight":"normal","decoration":"none","size":15,"color":"#000000"}},"offset":{"x":140,"y":205},"foldChildren":false,"branchColor":"#fb52df","children":[]}]}]}]}},"dates":{"created":1399540567870,"modified":1399555119566},"dimensions":{"x":4000,"y":2000},"autosave":true}