{"id":"be9bb58d-c212-4126-82a8-c13844d3be2a","title":"MetaSploit\n01","mindmap":{"root":{"id":"a396a126-d1c2-4d04-8509-7155bdf356a0","parentId":null,"text":{"caption":"MetaSploit\n01","font":{"style":"normal","weight":"bold","decoration":"none","size":20,"color":"#000000"}},"offset":{"x":0,"y":0},"foldChildren":false,"branchColor":"#000000","children":[{"id":"66f28096-1049-4dd1-ac01-35455f09341a","parentId":"a396a126-d1c2-4d04-8509-7155bdf356a0","text":{"caption":"nMap","font":{"style":"normal","weight":"normal","decoration":"none","size":15,"color":"#000000"}},"offset":{"x":-148.6,"y":-93.2},"foldChildren":false,"branchColor":"#a3a3b7","children":[{"id":"c97dd975-4027-41a2-80c2-25efac05d58f","parentId":"66f28096-1049-4dd1-ac01-35455f09341a","text":{"caption":"-sV -n","font":{"style":"normal","weight":"normal","decoration":"none","size":15,"color":"#000000"}},"offset":{"x":-100,"y":-53.6},"foldChildren":false,"branchColor":"#a3a3b7","children":[{"id":"94e62b56-9fc6-4448-bb4c-6b8df207a0a2","parentId":"c97dd975-4027-41a2-80c2-25efac05d58f","text":{"caption":"service fingerprint","font":{"style":"normal","weight":"normal","decoration":"none","size":15,"color":"#000000"}},"offset":{"x":-64,"y":-51.2},"foldChildren":false,"branchColor":"#a3a3b7","children":[{"id":"408a8b51-f5e3-49e0-951f-a51206669290","parentId":"94e62b56-9fc6-4448-bb4c-6b8df207a0a2","text":{"caption":"find list of open ports","font":{"style":"normal","weight":"normal","decoration":"none","size":15,"color":"#000000"}},"offset":{"x":-125.6,"y":-70.4},"foldChildren":false,"branchColor":"#a3a3b7","children":[]},{"id":"5a3da60d-5018-4236-b135-c2c34830b1ff","parentId":"94e62b56-9fc6-4448-bb4c-6b8df207a0a2","text":{"caption":"find the running services and their version","font":{"style":"normal","weight":"normal","decoration":"none","size":15,"color":"#000000"}},"offset":{"x":-211.2,"y":-24.8},"foldChildren":false,"branchColor":"#a3a3b7","children":[]}]}]}]},{"id":"55118348-4281-4942-95c5-be2eefe63ea4","parentId":"a396a126-d1c2-4d04-8509-7155bdf356a0","text":{"caption":"sources","font":{"style":"normal","weight":"normal","decoration":"none","size":15,"color":"#000000"}},"offset":{"x":-121.6,"y":98.4},"foldChildren":false,"branchColor":"#4f1ad2","children":[{"id":"b60451ca-7e44-458a-af67-a8b90cc8ad4e","parentId":"55118348-4281-4942-95c5-be2eefe63ea4","text":{"caption":"dcom.c","font":{"style":"normal","weight":"normal","decoration":"none","size":15,"color":"#000000"}},"offset":{"x":-88.8,"y":-72.8},"foldChildren":false,"branchColor":"#4f1ad2","children":[{"id":"1b1b388e-c5a3-4ab7-bdd6-97329ab2dfe8","parentId":"b60451ca-7e44-458a-af67-a8b90cc8ad4e","text":{"caption":"compile","font":{"style":"normal","weight":"normal","decoration":"none","size":15,"color":"#000000"}},"offset":{"x":-68,"y":-28.8},"foldChildren":false,"branchColor":"#4f1ad2","children":[]}]}]}]}},"dates":{"created":1399540567870,"modified":1399541801623},"dimensions":{"x":4000,"y":2000},"autosave":true}